"","Blank 1","Frequency","Blank 2","Frequency"
"1","participants must have an estimated",1,"of > 6 weeks       ",1
"2","patients must have a",6,"of at least 6 weeks       ",1
"3","",3,"> = 12 weeks            ",3
"4","IGNORE 4",0,"IGNORE 4",0
"5","IGNORE 5",0,"of > = 8 weeks       ",2
"6","IGNORE 6",0,"IGNORE 6",0
"7","IGNORE 7",0,"of at least 8 weeks       ",1
"8","participants must have a",1,"of 2 years or more       ",1
"9","IGNORE 9",0,"of > = 12 weeks as determined clinically by the treating physician",1
"10","patient has a",1,"of greater than 20 weeks        ",1
"11","IGNORE 11",0,"> 12 weeks             ",1
"12","IGNORE 12",0,"IGNORE 12",0
"13","must have a",2,"of at least 12 weeks        ",1
"14","IGNORE 14",0,"greater than or equal to 16 weeks      ",1
"15","procurement patients with",1,"> = 6 weeks         ",2
"16","treatment patients with",1,"IGNORE 16",0
