"","Blank 1","Frequency","Blank 2","Frequency","Blank 3","Frequency","Blank 4","Frequency"
"V1","estimated",1,"of",2,"50",2,"min 0 . 84 ml s by the cockcroft gault equation         ",1
"V2","serum creatinine of = < 1 . 5 mg dl if creatinine > 1 . 5 mg dl",1,"must be > = 60",1,"minute",1,"",1
"V3","",10,"",24,"= 60",3,"min by the cockcroft gault equation               ",1
"V4","serum creatinine = < 1 . 5 mg dl or measured or calculated",1,"IGNORE 4",0,"= 50",6,"min       ",8
"V5","serum creatinine = < 1 . 5 mg dl or",3,"IGNORE 5",0,"IGNORE 5",0,"min 1 . 73 m 2     ",6
"V6","IGNORE 6",0,"IGNORE 6",0,"IGNORE 6",0,"IGNORE 6",0
"V7","creatinine = < 1 . 5 mg dl or calculated calc .",1,"IGNORE 7",0,"= 30",7,"IGNORE 7",0
"V8","serum creatinine = < 1 . 5 times uln or calculated",1,"IGNORE 8",0,"= 70",1,"IGNORE 8",0
"V9","IGNORE 9",0,"IGNORE 9",0,"= 40",1,"min 1 . 73 m 2 unless lymphoma related  ",1
"V10","serum creatinine = < 3 mg dl 265 umol l and",1,"IGNORE 10",0,"IGNORE 10",0,"IGNORE 10",0
"V11","IGNORE 11",0,"IGNORE 11",0,"IGNORE 11",0,"IGNORE 11",0
"V12","calculated",4,"IGNORE 12",0,"IGNORE 12",0,"min using cockcroft gault equation equation or 24 hour urine sampling         ",1
"V13","IGNORE 13",0,"IGNORE 13",0,"IGNORE 13",0,"IGNORE 13",0
"V14","IGNORE 14",0,"IGNORE 14",0,"IGNORE 14",0,"IGNORE 14",0
"V15","serum creatinine = < uln for the lab and measured or calculated",1,"IGNORE 15",0,"60",1,"min within 28 days before randomization    ",1
"V16","calculated calc .",2,"IGNORE 16",0,"45",1,"IGNORE 16",0
"V17","IGNORE 17",0,"IGNORE 17",0,"IGNORE 17",0,"min 1 . 73 m 2 by cockcroft gault            ",5
"V18","serum creatinine = < 1 . 5 uln or measured or calculated",1,"IGNORE 18",0,"IGNORE 18",0,"IGNORE 18",0
"V19","IGNORE 19",0,"IGNORE 19",0,"= 51",1,"IGNORE 19",0
"V20","IGNORE 20",0,"IGNORE 20",0,"IGNORE 20",0,"IGNORE 20",0
"V21","IGNORE 21",0,"IGNORE 21",0,"IGNORE 21",0,"IGNORE 21",0
"V22","IGNORE 22",0,"IGNORE 22",0,"= 45",2,"min by cockcroft gault equation               ",1
"V23","IGNORE 23",0,"IGNORE 23",0,"70",1,"IGNORE 23",0
"V24","IGNORE 24",0,"IGNORE 24",0,"IGNORE 24",0,"IGNORE 24",0
"V25","IGNORE 25",0,"IGNORE 25",0,"IGNORE 25",0,"IGNORE 25",0
"V26","IGNORE 26",0,"IGNORE 26",0,"IGNORE 26",0,"min by cockcroft gault              ",1
"V27","IGNORE 27",0,"IGNORE 27",0,"IGNORE 27",0,"IGNORE 27",0
