"","Blank 1","Frequency","Blank 2","Frequency","V1"
"1","",62,"performance status 0 1 or 2 karnofsky > = 60  ",1,"eastern cooperative oncology group (ecog) performance status 0, 1, or 2 (karnofsky >= 60%) "
"2","IGNORE 2",0,"performance status = < 2 karnofsky > = 60   ",36,"eastern cooperative oncology group (ecog) performance status =< 2 (karnofsky >= 60%) "
"3","IGNORE 3",0,"performance status = < 1 karnofsky > 70    ",1,"eastern cooperative oncology group (ecog) performance status =< 1 (karnofsky > 70%) "
"4","IGNORE 4",0,"IGNORE 4",0,"eastern cooperative oncology group (ecog) performance status =< 2 (karnofsky >= 60%) "
"5","IGNORE 5",0,"IGNORE 5",0,"eastern cooperative oncology group (ecog) performance status =< 2 (karnofsky >= 60%) "
"6","IGNORE 6",0,"IGNORE 6",0,"eastern cooperative oncology group (ecog) performance status =< 2 (karnofsky >= 60%) "
"7","IGNORE 7",0,"performance status = < 1 karnofsky > = 70   ",9,"eastern cooperative oncology group (ecog) performance status =< 1 (karnofsky >= 70%) "
"8","IGNORE 8",0,"IGNORE 8",0,"eastern cooperative oncology group (ecog) performance status =< 2 (karnofsky >= 60%) "
"9","karnofsky performance status > = 70 or",1,"= < 1  ",1,"karnofsky performance status >= 70% or eastern cooperative oncology group (ecog) =< 1 "
"10","IGNORE 10",0,"performance status = < 1 karnofsky > 60    ",1,"eastern cooperative oncology group (ecog) performance status =< 1 (karnofsky > 60%) "
"11","IGNORE 11",0,"IGNORE 11",0,"eastern cooperative oncology group (ecog) performance status =< 2 (karnofsky >= 60%) "
"12","IGNORE 12",0,"IGNORE 12",0,"eastern cooperative oncology group (ecog) performance status =< 1 (karnofsky >= 70%) "
"13","IGNORE 13",0,"IGNORE 13",0,"eastern cooperative oncology group (ecog) performance status =< 1 (karnofsky >= 70%) "
"14","have an",1,"performance status of 0 or 1 karnofsky > 60 ",1,"have an eastern cooperative oncology group (ecog) performance status of 0 or 1 (karnofsky > 60%) "
"15","IGNORE 15",0,"performance status = < 2 karnofsky > = 50   ",3,"eastern cooperative oncology group (ecog) performance status =< 2 (karnofsky >= 50%) "
"16","IGNORE 16",0,"IGNORE 16",0,"eastern cooperative oncology group (ecog) performance status =< 2 (karnofsky >= 60%) "
"17","IGNORE 17",0,"IGNORE 17",0,"eastern cooperative oncology group (ecog) performance status =< 1 (karnofsky >= 70%) "
"18","IGNORE 18",0,"IGNORE 18",0,"eastern cooperative oncology group (ecog) performance status =< 2 (karnofsky >= 60%) "
"19","IGNORE 19",0,"IGNORE 19",0,"eastern cooperative oncology group (ecog) performance status =< 1 (karnofsky >= 70%) "
"20","IGNORE 20",0,"IGNORE 20",0,"eastern cooperative oncology group (ecog) performance status =< 2 (karnofsky >= 60%) "
"21","IGNORE 21",0,"IGNORE 21",0,"eastern cooperative oncology group (ecog) performance status =< 2 (karnofsky >= 60%) "
"22","IGNORE 22",0,"IGNORE 22",0,"eastern cooperative oncology group (ecog) performance status =< 1 (karnofsky >= 70%) "
"23","IGNORE 23",0,"/ karnofsky performance status of 0 or 1 karnofsky > = 70",1,"eastern cooperative oncology group (ecog)/karnofsky performance status of 0 or 1 (karnofsky >= 70%) "
"24","IGNORE 24",0,"IGNORE 24",0,"eastern cooperative oncology group (ecog) performance status =< 2 (karnofsky >= 60%) "
"25","IGNORE 25",0,"IGNORE 25",0,"eastern cooperative oncology group (ecog) performance status =< 2 (karnofsky >= 60%) "
"26","IGNORE 26",0,"IGNORE 26",0,"eastern cooperative oncology group (ecog) performance status =< 2 (karnofsky >= 60%) "
"27","the",1,"IGNORE 27",0,"the eastern cooperative oncology group (ecog) performance status =< 2 (karnofsky >= 60 %) "
"28","IGNORE 28",0,"performance status 0 1 karnofsky > = 70    ",1,"eastern cooperative oncology group (ecog) performance status 0 -1 (karnofsky >= 70%) "
"29","IGNORE 29",0,"IGNORE 29",0,"eastern cooperative oncology group (ecog) performance status =< 2 (karnofsky >= 50%) "
"30","IGNORE 30",0,"IGNORE 30",0,"eastern cooperative oncology group (ecog) performance status =< 2 (karnofsky >= 60%) "
"31","IGNORE 31",0,"IGNORE 31",0,"eastern cooperative oncology group (ecog) performance status =< 1 (karnofsky >= 70%) "
"32","IGNORE 32",0,"IGNORE 32",0,"eastern cooperative oncology group (ecog) performance status =< 2 (karnofsky >= 60%) "
"33","IGNORE 33",0,"performance status of 0 or 1 karnofsky > = 70  ",1,"eastern cooperative oncology group (ecog) performance status of 0 or 1 (karnofsky >= 70%) "
"34","IGNORE 34",0,"IGNORE 34",0,"eastern cooperative oncology group (ecog) performance status =< 2 (karnofsky >= 60%) "
"35","IGNORE 35",0,"performance status 0 1 or 2 karnofsky > = 50  ",1,"eastern cooperative oncology group (ecog) performance status 0, 1 or 2 (karnofsky >= 50%) "
"36","IGNORE 36",0,"IGNORE 36",0,"eastern cooperative oncology group (ecog) performance status =< 1 (karnofsky >= 70%) "
"37","IGNORE 37",0,"IGNORE 37",0,"eastern cooperative oncology group (ecog) performance status =< 1 (karnofsky >= 70%) "
"38","IGNORE 38",0,"IGNORE 38",0,"eastern cooperative oncology group (ecog) performance status =< 2 (karnofsky >= 60%) "
"39","IGNORE 39",0,"IGNORE 39",0,"eastern cooperative oncology group (ecog) performance status =< 2 (karnofsky >= 60%) "
"40","IGNORE 40",0,"IGNORE 40",0,"eastern cooperative oncology group (ecog) performance status =< 2 (karnofsky >= 60%) "
"41","karnofsky > = 70",1,"performance status 0 1    ",1,"karnofsky >= 70% (eastern cooperative oncology group [ecog] performance status 0-1) "
"42","IGNORE 42",0,"IGNORE 42",0,"eastern cooperative oncology group (ecog) performance status =< 2 (karnofsky >= 60%) "
"43","IGNORE 43",0,"IGNORE 43",0,"eastern cooperative oncology group (ecog) performance status =< 2 (karnofsky >= 60%) "
"44","IGNORE 44",0,"IGNORE 44",0,"eastern cooperative oncology group (ecog) performance status =< 2 (karnofsky >= 60%) "
"45","IGNORE 45",0,"IGNORE 45",0,"eastern cooperative oncology group (ecog) performance status =< 2 (karnofsky >= 60%) "
"46","IGNORE 46",0,"performance status 0 or 1 karnofsky > = 70   ",3,"eastern cooperative oncology group (ecog) performance status 0 or 1 (karnofsky >= 70%) "
"47","IGNORE 47",0,"performance status of 0 or 1 karnofsky > = 80  ",1,"eastern cooperative oncology group (ecog) performance status of 0 or 1 (karnofsky >= 80%) "
"48","IGNORE 48",0,"IGNORE 48",0,"eastern cooperative oncology group (ecog) performance status 0 or 1 (karnofsky >= 70%) "
"49","IGNORE 49",0,"IGNORE 49",0,"eastern cooperative oncology group (ecog) performance status =< 2 (karnofsky >= 60%) "
"50","IGNORE 50",0,"IGNORE 50",0,"eastern cooperative oncology group (ecog) performance status =< 2 (karnofsky >= 60%) "
"51","IGNORE 51",0,"performance status 0 2 karnofsky > = 60    ",1,"eastern cooperative oncology group (ecog) performance status 0-2 (karnofsky >= 60%) "
"52","IGNORE 52",0,"IGNORE 52",0,"eastern cooperative oncology group (ecog) performance status =< 2 (karnofsky >= 50%) "
"53","IGNORE 53",0,"performance status = < 2 karnofsky or lansky > = 70 ",1,"eastern cooperative oncology group (ecog) performance status =< 2 (karnofsky or lansky >= 70%) "
"54","IGNORE 54",0,"IGNORE 54",0,"eastern cooperative oncology group (ecog) performance status =< 2 (karnofsky >= 60%) "
"55","IGNORE 55",0,"/ karnofsky performance status of 0 2 karnofsky > = 60 ",1,"eastern cooperative oncology group (ecog)/karnofsky performance status of 0-2 (karnofsky >= 60%) "
"56","IGNORE 56",0,"IGNORE 56",0,"eastern cooperative oncology group (ecog) performance status =< 2 (karnofsky >= 60%) "
"57","IGNORE 57",0,"IGNORE 57",0,"eastern cooperative oncology group (ecog) performance status 0 or 1 (karnofsky >= 70%) "
"58","IGNORE 58",0,"IGNORE 58",0,"eastern cooperative oncology group (ecog) performance status =< 2 (karnofsky >= 60%) "
"59","IGNORE 59",0,"performance status 0 or 1 karnofsky > 60    ",1,"eastern cooperative oncology group (ecog) performance status 0 or 1 (karnofsky > 60%) "
"60","IGNORE 60",0,"IGNORE 60",0,"eastern cooperative oncology group (ecog) performance status =< 2 (karnofsky >= 60%) "
"61","IGNORE 61",0,"IGNORE 61",0,"eastern cooperative oncology group (ecog) performance status =< 2 (karnofsky >= 60%) "
"62","IGNORE 62",0,"IGNORE 62",0,"eastern cooperative oncology group (ecog) performance status =< 2 (karnofsky >= 60%) "
"63","IGNORE 63",0,"IGNORE 63",0,"eastern cooperative oncology group (ecog) performance status =< 2 (karnofsky >= 60%) "
"64","IGNORE 64",0,"IGNORE 64",0,"eastern cooperative oncology group (ecog) performance status =< 2 (karnofsky >= 60%) "
"65","IGNORE 65",0,"IGNORE 65",0,"eastern cooperative oncology group (ecog) performance status =< 2 (karnofsky >= 60%) "
"66","IGNORE 66",0,"IGNORE 66",0,"eastern cooperative oncology group (ecog) performance status =< 2 (karnofsky >= 60%) "
