"","Blank 1","Frequency","Blank 2","Frequency"
"1","obtained within 30 days of registration",1,"> = 1 500 mcl               ",4
"2","",25,"anc > = 1 200 cells mm 3 within 21 days prior to study entry           ",1
"3","IGNORE 3",0,"anc > = 1 500 ml within 28 days prior to registration              ",1
"4","within 14 days prior to registration",3,"anc > = 1 000 cells mm 3 without growth factor support        ",1
"5","IGNORE 5",0,"anc > = 1 500 cells mm 3 obtained within 14 days prior to study entry          ",1
"6","obtained = < 7 days prior to registration",1,"anc > = 1500 mm 3            ",1
"7","IGNORE 7",0,"anc > = 1 500 mm 3 obtained = < 21 days prior to registration           ",1
"8","IGNORE 8",0,"anc > = 1 500 cells mm 3 obtained within 30 days prior to registration           ",1
"9","IGNORE 9",0,"anc > 750 cells mm 3 within 90 days prior to randomization              ",1
"10","IGNORE 10",0,"anc > = 1500 cells mm 3 within 14 days prior to study registration            ",1
"11","IGNORE 11",0,"anc > = 1 500 mcl obtained within 28 days prior to sub study registration           ",1
"12","IGNORE 12",0,"anc > = 1 500 cells mm 3 within 21 days prior to registration            ",1
"13","IGNORE 13",0,"anc > = 1 . 5 x 10 9 l measured within 28 days prior to randomization         ",1
"14","IGNORE 14",0,"anc > = 750 mcl within 28 days prior to registration               ",1
"15","IGNORE 15",0,"anc > = 1 500 ul obtained within 4 weeks prior to randomization             ",1
"16","obtained within 28 days prior to registration",2,"anc > = 1 500 mcl             ",4
"17","within 6 weeks prior to randomization",1,"anc must be > = 1200 mm 3            ",1
"18","within 14 days of registration",1,"anc > = 1 500 mm 3              ",2
"19","IGNORE 19",0,"anc > = 1 000 mcl must be obtained within 28 days prior to registration           ",1
"20","within 2 weeks prior to initiation of study treatment",1,"IGNORE 20",0
"21","IGNORE 21",0,"> = 1 500 mm 3 within 4 weeks prior to randomization              ",1
"22","IGNORE 22",0,"anc of > = 1 500 ml within 21 days prior to registration             ",1
"23","IGNORE 23",0,"> = 1 500 mcl without granulocyte colony stimulating factor support within 2 weeks prior to cycle 1 day 1      ",1
"24","IGNORE 24",0,"anc > = 1 000 cells mcl within 42 days prior to registration             ",1
"25","within 60 days prior to registration on study",1,"IGNORE 25",0
"26","IGNORE 26",0,"IGNORE 26",0
"27","IGNORE 27",0,"anc greater than or equal to 1 500 mcl within 14 days prior to registration this anc cannot have been induced by granulocyte colony stimulating factors",1
"28","IGNORE 28",0,"anc must be > = 1200 mm 3 within 28 days before randomization             ",1
"29","IGNORE 29",0,"IGNORE 29",0
"30","IGNORE 30",0,"anc > = 1 . 5 x 10 9 l within 14 days prior to registration .         ",1
"31","IGNORE 31",0,"IGNORE 31",0
"32","within 28 days prior to administration of study treatment",1,"IGNORE 32",0
"33","within less than or equal to 14 days prior to registration",1,"anc > = 1 . 5 x 10 9 l     ",1
"34","within 28 days prior to administration of therapy",1,"IGNORE 34",0
"35","IGNORE 35",0,"anc > = 1 500 microliter mcl obtained within 28 days prior to step 2 registration          ",1
"36","IGNORE 36",0,"anc > = 1 500 mcl within 28 days prior to registration              ",3
"37","IGNORE 37",0,"IGNORE 37",0
"38","IGNORE 38",0,"IGNORE 38",0
"39","IGNORE 39",0,"anc > = 1 x 10 9 l within 30 days of day 1 of study          ",1
