"","Blank 1","Frequency","Blank 2","Frequency","Blank 3","Frequency","Blank 4","Frequency","Blank 5","Frequency","Blank 6","Frequency","V1"
"V1","patients with",12,"intercurrent",36,"including but not limited to ongoing or active infection symptomatic congestive heart failure unstable angina pectoris cardiac arrhythmia or psychiatric illness /",11,"situations",36,"",37,"are not eligible to participate in the study       ",1,"patients with uncontrolled intercurrent illness including, but not limited to, ongoing or active infection, symptomatic congestive heart failure, unstable angina pectoris, cardiac arrhythmia, or psychiatric illness/social situations that would limit compliance with study requirements are not eligible to participate in the study "
"V2","",21,"IGNORE 2",0,"including but not limited to ongoing or active infection symptomatic congestive heart failure unstable angina pectoris cardiac arrhythmia or psychiatric illness or",1,"IGNORE 2",0,"IGNORE 2",0,"                ",26,"uncontrolled intercurrent illness including, but not limited to: * ongoing or active infection* symptomatic congestive heart failure* unstable angina pectoris* cardiac arrhythmia or* psychiatric illness or social situations that would limit compliance with study requirements "
"V3","IGNORE 3",0,"IGNORE 3",0,"including but not limited to symptomatic congestive heart failure unstable angina pectoris cardiac arrhythmia or psychiatric illness /",1,"IGNORE 3",0,"IGNORE 3",0,"IGNORE 3",0,"uncontrolled intercurrent illness including, but not limited to symptomatic congestive heart failure, unstable angina pectoris, cardiac arrhythmia, or psychiatric illness/social situations that would limit compliance with study requirements "
"V4","IGNORE 4",0,"IGNORE 4",0,"IGNORE 4",0,"IGNORE 4",0,"IGNORE 4",0,"are ineligible             ",8,"patients with uncontrolled intercurrent illness including, but not limited to, ongoing or active infection, symptomatic congestive heart failure, unstable angina pectoris, cardiac arrhythmia, or psychiatric illness/social situations that would limit compliance with study requirements, are ineligible "
"V5","IGNORE 5",0,"IGNORE 5",0,"including but not limited to serious untreated infection symptomatic congestive heart failure unstable angina pectoris cardiac arrhythmia or psychiatric illness /",1,"IGNORE 5",0,"IGNORE 5",0,"IGNORE 5",0,"uncontrolled intercurrent illness including, but not limited to, serious untreated infection, symptomatic congestive heart failure, unstable angina pectoris, cardiac arrhythmia, or psychiatric illness/social situations that would limit compliance with study requirements "
"V6","IGNORE 6",0,"IGNORE 6",0,"including but not limited to ongoing or active infection congestive heart failure unstable angina pectoris cardiac arrhythmia or psychiatric illness /",1,"IGNORE 6",0,"IGNORE 6",0,"IGNORE 6",0,"uncontrolled intercurrent illness including, but not limited to, ongoing or active infection, congestive heart failure, unstable angina pectoris, cardiac arrhythmia, or psychiatric illness/social situations that would limit compliance with study requirements "
"V7","IGNORE 7",0,"IGNORE 7",0,"including but not limited to hypertension ongoing or active infection symptomatic congestive heart failure unstable angina pectoris cardiac arrhythmia or psychiatric illness /",1,"IGNORE 7",0,"IGNORE 7",0,"IGNORE 7",0,"uncontrolled intercurrent illness including, but not limited to hypertension, ongoing or active infection, symptomatic congestive heart failure, unstable angina pectoris, cardiac arrhythmia, or psychiatric illness/social situations that would limit compliance with study requirements "
"V8","IGNORE 8",0,"IGNORE 8",0,"including but not limited to ongoing or active serious infection symptomatic congestive heart failure unstable angina pectoris cardiac arrhythmia uncontrolled diabetes or psychiatric illness /",2,"IGNORE 8",0,"IGNORE 8",0,"IGNORE 8",0,"uncontrolled intercurrent illness including, but not limited to, ongoing or active serious infection, symptomatic congestive heart failure, unstable angina pectoris, cardiac arrhythmia, uncontrolled diabetes, or psychiatric illness/social situations that would limit compliance with study requirements "
"V9","IGNORE 9",0,"IGNORE 9",0,"IGNORE 9",0,"IGNORE 9",0,"IGNORE 9",0,"or obscure the interpretation of adverse events aes       ",1,"patients with uncontrolled intercurrent illness including, but not limited to, ongoing or active infection, symptomatic congestive heart failure, unstable angina pectoris, cardiac arrhythmia, or psychiatric illness/social situations that would limit compliance with study requirements or obscure the interpretation of adverse events (aes) "
"V10","IGNORE 10",0,"IGNORE 10",0,"IGNORE 10",0,"IGNORE 10",0,"IGNORE 10",0,"IGNORE 10",0,"uncontrolled intercurrent illness including, but not limited to, ongoing or active serious infection, symptomatic congestive heart failure, unstable angina pectoris, cardiac arrhythmia, uncontrolled diabetes, or psychiatric illness/social situations that would limit compliance with study requirements "
"V11","IGNORE 11",0,"IGNORE 11",0,"including but not limited to ongoing or active infection symptomatic congestive heart failure unstable angina pectoris cardiac arrhythmia myocardial infarction in the preceding 6 months or psychiatric illness /",1,"IGNORE 11",0,"IGNORE 11",0,"IGNORE 11",0,"uncontrolled intercurrent illness including, but not limited to, ongoing or active infection, symptomatic congestive heart failure, unstable angina pectoris, cardiac arrhythmia, myocardial infarction in the preceding 6 months, or psychiatric illness/social situations that would limit compliance with study requirements "
"V12","IGNORE 12",0,"IGNORE 12",0,"including but not limited to serious untreated infection symptomatic respiratory failure / congestive heart failure unstable angina pectoris cardiac arrhythmia or psychiatric illness /",2,"IGNORE 12",0,"IGNORE 12",0,"IGNORE 12",0,"uncontrolled intercurrent illness including, but not limited to, serious untreated infection, symptomatic respiratory failure/congestive heart failure, unstable angina pectoris, cardiac arrhythmia, or psychiatric illness/social situations that would limit compliance with study requirements "
"V13","IGNORE 13",0,"IGNORE 13",0,"IGNORE 13",0,"IGNORE 13",0,"IGNORE 13",0,"IGNORE 13",0,"uncontrolled intercurrent illness including, but not limited to, serious untreated infection, symptomatic respiratory failure/congestive heart failure, unstable angina pectoris, cardiac arrhythmia, or psychiatric illness/social situations that would limit compliance with study requirements "
"V14","IGNORE 14",0,"IGNORE 14",0,"IGNORE 14",0,"IGNORE 14",0,"IGNORE 14",0,"IGNORE 14",0,"patients with uncontrolled intercurrent illness including, but not limited to, ongoing or active infection, symptomatic congestive heart failure, unstable angina pectoris, cardiac arrhythmia, or psychiatric illness/social situations that would limit compliance with study requirements, are ineligible "
"V15","IGNORE 15",0,"IGNORE 15",0,"IGNORE 15",0,"IGNORE 15",0,"IGNORE 15",0,"IGNORE 15",0,"uncontrolled intercurrent illness including, but not limited to, ongoing or active infection, symptomatic congestive heart failure, unstable angina pectoris, cardiac arrhythmia, or psychiatric illness/social situations that would limit compliance with study requirements, are ineligible "
"V16","patients must not have",2,"IGNORE 16",0,"including but not limited to serious ongoing or active infection symptomatic congestive heart failure unstable angina pectoris uncontrolled cardiac arrhythmia or psychiatric illness /",2,"IGNORE 16",0,"IGNORE 16",0,"IGNORE 16",0,"patients must not have uncontrolled intercurrent illness including, but not limited to, serious ongoing or active infection, symptomatic congestive heart failure, unstable angina pectoris, uncontrolled cardiac arrhythmia, or psychiatric illness/social situations that would limit compliance with study requirements "
"V17","IGNORE 17",0,"IGNORE 17",0,"including but not limited to ongoing or active infection interstitial lung disease or active non infectious pneumonitis symptomatic congestive heart failure unstable angina pectoris cardiac arrhythmia or psychiatric illness /",1,"IGNORE 17",0,"IGNORE 17",0,"IGNORE 17",0,"uncontrolled intercurrent illness including, but not limited to, ongoing or active infection, interstitial lung disease or active, non-infectious pneumonitis, symptomatic congestive heart failure, unstable angina pectoris, cardiac arrhythmia, or psychiatric illness/social situations that would limit compliance with study requirements "
"V18","IGNORE 18",0,"IGNORE 18",0,"IGNORE 18",0,"IGNORE 18",0,"IGNORE 18",0,"IGNORE 18",0,"patients with uncontrolled intercurrent illness including, but not limited to, ongoing or active infection, symptomatic congestive heart failure, unstable angina pectoris, cardiac arrhythmia, or psychiatric illness/social situations that would limit compliance with study requirements, are ineligible "
"V19","IGNORE 19",0,"",1,"including but not limited to ongoing or active infection symptomatic congestive heart failure myocardial infarction in last 3 months unstable angina pectoris cardiac arrhythmia or psychiatric illness /",1,"IGNORE 19",0,"IGNORE 19",0,"are not eligible       ",1,"patients with uncontrolled illness including, but not limited to, ongoing or active infection, symptomatic congestive heart failure, myocardial infarction in last 3 months, unstable angina pectoris, cardiac arrhythmia, or psychiatric illness/social situations that would limit compliance with study requirements are not eligible "
"V20","IGNORE 20",0,"IGNORE 20",0,"including but not limited to ongoing or active infection symptomatic congestive heart failure unstable angina pectoris cardiac arrhythmia excluding rate controlled atrial fibrillation / flutter or psychiatric illness /",1,"IGNORE 20",0,"IGNORE 20",0,"IGNORE 20",0,"uncontrolled intercurrent illness including, but not limited to, ongoing or active infection, symptomatic congestive heart failure, unstable angina pectoris, cardiac arrhythmia (excluding rate controlled atrial fibrillation/flutter), or psychiatric illness/social situations that would limit compliance with study requirements "
"V21","IGNORE 21",0,"IGNORE 21",0,"IGNORE 21",0,"IGNORE 21",0,"IGNORE 21",0,"IGNORE 21",0,"patients with uncontrolled intercurrent illness including, but not limited to, ongoing or active infection, symptomatic congestive heart failure, unstable angina pectoris, cardiac arrhythmia, or psychiatric illness/social situations that would limit compliance with study requirements, are ineligible "
"V22","patients must not have active or",1,"infection symptomatic heart failure unstable angina pectoris cardiac arrhythmia or a serious psychiatric",1,"/",1,"situation",2,"IGNORE 22",0,"IGNORE 22",0,"patients must not have active or uncontrolled infection, symptomatic heart failure, unstable angina pectoris, cardiac arrhythmia or a serious psychiatric illness/social situation that would limit compliance with study requirements "
"V23","patient must not have any",1,"IGNORE 23",0,"IGNORE 23",0,"IGNORE 23",0,"IGNORE 23",0,"IGNORE 23",0,"patient must not have any uncontrolled intercurrent illness including, but not limited to ongoing or active infection, symptomatic congestive heart failure, unstable angina pectoris, cardiac arrhythmia, or psychiatric illness/social situations that would limit compliance with study requirements "
"V24","IGNORE 24",0,"IGNORE 24",0,"including but not limited to ongoing or active infection symptomatic congestive heart failure unstable angina pectoris cardiac arrhythmia other than atrial fibrillation with controlled ventricular rate or psychiatric illness /",2,"IGNORE 24",0,"IGNORE 24",0,"IGNORE 24",0,"uncontrolled intercurrent illness including, but not limited to ongoing or active infection, symptomatic congestive heart failure, unstable angina pectoris, cardiac arrhythmia (other than atrial fibrillation with controlled ventricular rate), or psychiatric illness/social situations that would limit compliance with study requirements "
"V25","IGNORE 25",0,"IGNORE 25",0,"IGNORE 25",0,"IGNORE 25",0,"IGNORE 25",0,"IGNORE 25",0,"uncontrolled intercurrent illness including, but not limited to ongoing or active infection, symptomatic congestive heart failure, unstable angina pectoris, cardiac arrhythmia (other than atrial fibrillation with controlled ventricular rate), or psychiatric illness/social situations that would limit compliance with study requirements "
"V26","IGNORE 26",0,"IGNORE 26",0,"IGNORE 26",0,"IGNORE 26",0,"in the judgment of the investigator",1,"IGNORE 26",0,"uncontrolled intercurrent illness including, but not limited to, ongoing or active infection, symptomatic congestive heart failure, unstable angina pectoris, cardiac arrhythmia, or psychiatric illness/social situations that in the judgment of the investigator would limit compliance with study requirements "
"V27","IGNORE 27",0,"IGNORE 27",0,"including but not limited to ongoing or active infection symptomatic congestive heart failure unstable angina pectoris cardiac arrhythmia gastrointestinal disease limiting absorption of azd9291 such as a malabsorption syndrome or inflammatory bowel disease or psychiatric illness /",2,"IGNORE 27",0,"IGNORE 27",0,"IGNORE 27",0,"uncontrolled intercurrent illness including, but not limited to, ongoing or active infection, symptomatic congestive heart failure, unstable angina pectoris, cardiac arrhythmia, gastrointestinal disease limiting absorption of azd9291 such as a malabsorption syndrome or inflammatory bowel disease or psychiatric illness/social situations that would limit compliance with study requirements "
"V28","IGNORE 28",0,"IGNORE 28",0,"IGNORE 28",0,"IGNORE 28",0,"IGNORE 28",0,"will not be eligible           ",1,"patients with uncontrolled intercurrent illness including, but not limited to ongoing or active infection, symptomatic congestive heart failure, unstable angina pectoris, cardiac arrhythmia, or psychiatric illness/social situations that would limit compliance with study requirements will not be eligible "
"V29","IGNORE 29",0,"IGNORE 29",0,"IGNORE 29",0,"IGNORE 29",0,"IGNORE 29",0,"IGNORE 29",0,"patients with uncontrolled intercurrent illness including, but not limited to, ongoing or active infection, symptomatic congestive heart failure, unstable angina pectoris, cardiac arrhythmia, gastrointestinal disease limiting absorption of azd9291 such as a malabsorption syndrome or inflammatory bowel disease or psychiatric illness/social situations that would limit compliance with study requirements "
"V30","IGNORE 30",0,"IGNORE 30",0,"IGNORE 30",0,"IGNORE 30",0,"IGNORE 30",0,"IGNORE 30",0,"patients must not have uncontrolled intercurrent illness including, but not limited to, serious ongoing or active infection, symptomatic congestive heart failure, unstable angina pectoris, uncontrolled cardiac arrhythmia, or psychiatric illness/social situation that would limit compliance with study requirements "
"V31","IGNORE 31",0,"IGNORE 31",0,"including but not limited to ongoing or active infection symptomatic congestive heart failure unstable angina pectoris or psychiatric illness /",1,"IGNORE 31",0,"IGNORE 31",0,"IGNORE 31",0,"uncontrolled intercurrent illness including, but not limited to ongoing or active infection, symptomatic congestive heart failure, unstable angina pectoris, or psychiatric illness/social situations that would limit compliance with study requirements "
"V32","IGNORE 32",0,"IGNORE 32",0,"including but not limited to symptomatic congestive heart failure unstable angina pectoris cardiac arrhythmia symptomatic pulmonary disease or psychiatric illness /",1,"IGNORE 32",0,"IGNORE 32",0,"IGNORE 32",0,"uncontrolled intercurrent illness including, but not limited to, symptomatic congestive heart failure, unstable angina pectoris, cardiac arrhythmia, symptomatic pulmonary disease or psychiatric illness/social situations that would limit compliance with study requirements "
"V33","IGNORE 33",0,"IGNORE 33",0,"including but not limited to ongoing or active infection symptomatic congestive heart failure unstable angina pectoris cardiac arrhythmia including symptomatic sinus bradycardia or psychiatric illness /",1,"IGNORE 33",0,"IGNORE 33",0,"IGNORE 33",0,"uncontrolled intercurrent illness including, but not limited to, ongoing or active infection, symptomatic congestive heart failure, unstable angina pectoris, cardiac arrhythmia (including symptomatic sinus bradycardia), or psychiatric illness/social situations that would limit compliance with study requirements "
"V34","IGNORE 34",0,"IGNORE 34",0,"including but not limited to uncontrolled seizures ongoing or active infection symptomatic congestive heart failure unstable angina pectoris cardiac arrhythmia or psychiatric illness /",1,"IGNORE 34",0,"IGNORE 34",0,"IGNORE 34",0,"\\uncontrolled intercurrent illness including, but not limited to, uncontrolled seizures ongoing or active infection, symptomatic congestive heart failure, unstable angina pectoris, cardiac arrhythmia, or psychiatric illness/social situations that would limit compliance with study requirements "
"V35","IGNORE 35",0,"IGNORE 35",0,"IGNORE 35",0,"IGNORE 35",0,"IGNORE 35",0,"IGNORE 35",0,"patients with uncontrolled intercurrent illness including, but not limited to, ongoing or active infection, symptomatic congestive heart failure, unstable angina pectoris, cardiac arrhythmia, or psychiatric illness/social situations that would limit compliance with study requirements, are ineligible "
"V36","participants should not have any",1,"IGNORE 36",0,"including but limited to ongoing or active infection symptomatic congestive heart failure unstable angina pectoris cardiac arrhythmia or psychiatric illness /",1,"IGNORE 36",0,"IGNORE 36",0,"IGNORE 36",0,"participants should not have any uncontrolled intercurrent illness including, but limited to ongoing or active infection, symptomatic congestive heart failure, unstable angina pectoris, cardiac arrhythmia, or psychiatric illness/social situations that would limit compliance with study requirements "
"V37","IGNORE 37",0,"IGNORE 37",0,"including but not limited to active non colorectal malignancies requiring systemic therapy ongoing or active infection symptomatic congestive heart failure unstable angina pectoris cardiac arrhythmia or psychiatric illness /",1,"IGNORE 37",0,"IGNORE 37",0,"IGNORE 37",0,"patients with uncontrolled intercurrent illness including, but not limited to, active, non-colorectal malignancies requiring systemic therapy, ongoing or active infection, symptomatic congestive heart failure, unstable angina pectoris, cardiac arrhythmia, or psychiatric illness/social situations that would limit compliance with study requirements are ineligible "
"V38","IGNORE 38",0,"IGNORE 38",0,"including but not limited to ongoing or active infection symptomatic congestive heart failure clinically significant cardiac disease unstable angina pectoris cardiac arrhythmia or psychiatric illness /",1,"IGNORE 38",0,"IGNORE 38",0,"IGNORE 38",0,"patients with uncontrolled intercurrent illness including, but not limited to, ongoing or active infection, symptomatic congestive heart failure, clinically significant cardiac disease, unstable angina pectoris, cardiac arrhythmia, or psychiatric illness/social situations that would limit compliance with study requirements, are ineligible "
