"","Blank 1","Frequency","Blank 2","Frequency"
"1","patient must have measurable disease per",1,"guidelines                        ",1
"2","patients must have evaluable or measurable disease by",1,"1 . 1                    ",3
"3","measurable or evaluable disease as assessed by",1,"1 . 1 for non gbm tumors and by response assessment in neuro oncology rano criteria for gbm      ",1
"4","patients with confirmed diagnosis of ecd that are asymptomatic and with no visceral involvement are not eligible for this trial patients with no target lesions as per",1,"1 . 1 criteria",1
"5","patients must have measurable or evaluable disease as defined by",1,"IGNORE 5",0
"6","patients must have measurable disease as defined by",2,"version 1 . 1                   ",2
"7","patients must have measurable disease by",1,"version v 1 . 1                    ",1
"8","measurable disease per",1,"IGNORE 8",0
"9","measurable disease by",1,"version v 1 . 1 or other tumor specific criteria or disease assessable by physical exam or other methods if not measurable by recist    ",1
"10","measurable disease as determined by",1,"version 1 . 1 criteria                     ",1
"11","IGNORE 11",0,"IGNORE 11",0
