"","Blank 1","Frequency","Blank 2","Frequency"
"1","patients must be able",5,"take oral medication and to maintain a fast as required for 2 hours before and 1 hour after mln8237 administration                                   ",1
"2","inability",1,"swallow oral medication or to maintain a fast as required for 2 hours before and 1 hour after mln8237 administration or any condition that would modify small bowel absorption of oral medications including malabsorption or resection of pancreas or upper bowel                 ",1
"3","according",1,"current guidelines patients must be able to take oral medication and to maintain a fast as required for 2 hours before and 1 hour after mln8237 administration these guidelines may change pending results from an ongoing food effects study                   ",1
"4","IGNORE 4",0,"retain oral medication and must not have any clinically significant gastrointestinal abnormalities that may alter absorption such as malabsorption syndrome or major resection of the stomach or bowels patients who have feeding tubes can enroll in the study provided that the capsules do not need to be modified       ",1
"5","patients with a bowel obstruction or any other gastrointestinal condition that might affect absorption of the oral drug should be excluded this would include patients with inability",1,"swallow and retain orally administered medication malabsorption syndrome or those with a major resection of the stomach or bowels             ",1
"6","subjects with any condition that may impair the ability",1,"swallow or absorb oral medications investigational product including any lesion whether induced by tumor radiation or other conditions which makes it difficult to swallow capsules or pills prior surgical procedures affecting absorption including but not limited to major resection of stomach or small bowel active peptic ulcer disease malabsorption syndrome",1
"7","IGNORE 7",0,"swallow and retain oral medications and without gastrointestinal illnesses that would preclude absorption of cediranib or olaparib                                      ",1
"8","able",1,"swallow and retain oral medications and without gastrointestinal gi illnesses that would preclude absorption of cediranib or olaparib                                        ",1
"9","IGNORE 9",0,"tolerate oral medications and not have gastrointestinal illnesses that would preclude absorption of cediranib or olaparib                                       ",1
"10","clinical laboratory criteria patients must be able",1,"swallow oral medications and must not have a gastro intestinal disorder with diarrhea as a major symptom or that may alter absorption such as malabsorption syndromes or gastric resection                       ",1
"11","IGNORE 11",0,"swallow oral medications and not have gastrointestinal illnesses that would preclude absorption of cediranib or olaparib                                       ",1
"12","patients with gastrointestinal disease or those who have had a procedure that is expected",1,"interfere with the oral absorption or tolerance of bal101553 e . g . functionally relevant gastrointestinal obstruction or frequent vomiting unresolved upon anti emetic supportive care are ineligible                 ",1
