"","Blank 1","Frequency","Blank 2","Frequency","V1"
"1","patients with a gog",2,"status of 0 1 or 2           ",4,"patients with a gog performance status of 0, 1, or 2 "
"2","patient must have gynecologic oncology group gog",1,"IGNORE 2",0,"patient must have gynecologic oncology group (gog) performance status of 0, 1, or 2 "
"3","step i eastern cooperative oncology group ecog",1,"status 0 1 or 2 performance status ps 3 allowed if secondary to pain",1,"step i: eastern cooperative oncology group (ecog) performance status 0, 1, or 2 (performance status [ps] 3 allowed if secondary to pain) "
"4","step ii ecog",1,"status 0 1 or 2 ps 3 allowed if secondary to pain      ",1,"step ii: ecog performance status 0, 1, or 2 (ps 3 allowed if secondary to pain) "
"5","ecog",7,"status of 2 or greater               ",1,"ecog performance status of 2 or greater "
"6","zubrod",7,"status 0 1                 ",3,"zubrod performance status 0-1 "
"7","IGNORE 7",0,"IGNORE 7",0,"zubrod performance status 0-1 "
"8","karnofsky",7,"status > = 60                ",5,"karnofsky performance status >= 60% "
"9","eastern cooperative oncology group ecog",1,"status = < 2 phase i = < 1 phase ii     ",1,"eastern cooperative oncology group (ecog) performance status =< 2 (phase i), =< 1 (phase ii) "
"10","IGNORE 10",0,"IGNORE 10",0,"karnofsky performance status >= 60% "
"11","eastern cooperative oncology group ecog american college of radiology imaging network acrin",1,"status between 0 2     ",2,"eastern cooperative oncology group (ecog)-american college of radiology imaging network (acrin) performance status between 0-2 "
"12","randomized phase ii arms k and l ecog acrin",1,"IGNORE 12",0,"randomized phase ii (arms k and l): ecog-acrin performance status between 0-2 "
"13","IGNORE 13",0,"IGNORE 13",0,"zubrod performance status 0-1 "
"14","treatment karnofsky",1,"status > = 70               ",2,"treatment: karnofsky performance status >= 70% "
"15","IGNORE 15",0,"status = < 1                ",1,"zubrod performance status =< 1 "
"16","re registration eligibility criteria step 2 ecog",1,"status 0 2           ",4,"re-registration eligibility criteria (step 2): ecog performance status 0-2 "
"17","IGNORE 17",0,"score 0 3                 ",1,"ecog performance score 0-3 "
"18","IGNORE 18",0,"IGNORE 18",0,"ecog performance status 0-2 "
"19","patients must have an ecog",3,"status of 0 2            ",3,"patients must have an ecog performance status of 0-2 "
"20","criteria for maintenance therapy step 4 patients must have an ecog",1,"status of 0 3      ",1,"criteria for maintenance therapy-step 4: patients must have an ecog performance status of 0-3 "
"21","patients must have a gynecologic oncology group gog",3,"IGNORE 21",0,"patients must have a gynecologic oncology group (gog) performance status of 0, 1, or 2 "
"22","IGNORE 22",0,"status 0 or 1                ",2,"zubrod performance status 0 or 1 "
"23","patients must have a gog",1,"status of 0 or 1           ",1,"patients must have a gog performance status of 0 or 1 "
"24","IGNORE 24",0,"status ps 0 3 restricted to ecog ps 0 2 if > = 70 years of age   ",1,"ecog performance status (ps) 0-3 (restricted to ecog ps 0-2 if >= 70 years of age) "
"25","IGNORE 25",0,"IGNORE 25",0,"patients must have an ecog performance status of 0-2 "
"26","IGNORE 26",0,"IGNORE 26",0,"patients must have an ecog performance status of 0 -2 "
"27","IGNORE 27",0,"grade of 0 1 or 2       ",2,"patients must have a gynecologic oncology group (gog) performance grade of 0, 1, or 2 "
"28","IGNORE 28",0,"IGNORE 28",0,"patients must have a gynecologic oncology group (gog) performance grade of 0, 1, or 2 "
"29","patients with gog",3,"grade of 3 or 4             ",3,"patients with gog performance grade of 3 or 4 "
"30","gynecologic oncology group gog",1,"status 0 1 2             ",1,"gynecologic oncology group (gog) performance status 0, 1, 2 "
"31","IGNORE 31",0,"status of 3 or 4             ",1,"patients with gog performance status of 3 or 4 "
"32","IGNORE 32",0,"IGNORE 32",0,"karnofsky performance status >= 70% "
"33","IGNORE 33",0,"status = < 2 karnofsky > = 60            ",1,"ecog performance status =< 2 (karnofsky >= 60 %) "
"34","IGNORE 34",0,"IGNORE 34",0,"ecog performance status 0 or 1 "
"35","IGNORE 35",0,"IGNORE 35",0,"ecog performance status 0-2 "
"36","patient must have a gynecologic oncology group gog",1,"status of 0 1 or 2 or equivalent     ",1,"patient must have a gynecologic oncology group (gog) performance status of 0, 1, or 2 or equivalent "
"37","patients must have gynecologic oncology group gog",1,"status 0 1 or 2         ",2,"patients must have gynecologic oncology group (gog) performance status 0, 1, or 2 "
"38","IGNORE 38",0,"IGNORE 38",0,"karnofsky performance status >= 60% "
"39","IGNORE 39",0,"IGNORE 39",0,"patients with a gog performance status of 0, 1, or 2 "
"40","IGNORE 40",0,"IGNORE 40",0,"zubrod performance status 0-2 "
"41","IGNORE 41",0,"status 0 1 unless otherwise specified              ",1,"zubrod performance status 0-1 (unless otherwise specified) "
"42","",1,"IGNORE 42",0,"performance status 0, 1 or 2 "
"43","IGNORE 43",0,"IGNORE 43",0,"patients with gog performance grade of 3 or 4 "
"44","IGNORE 44",0,"IGNORE 44",0,"karnofsky performance status >= 60 "
"45","IGNORE 45",0,"score > = 70                ",1,"karnofsky performance score >= 70 "
"46","IGNORE 46",0,"IGNORE 46",0,"karnofsky performance status >= 60 "
"47","patients with ecog",1,"IGNORE 47",0,"patients with ecog performance grade of 3 or 4 "
