"","Blank 1","Frequency","Blank 2","Frequency"
"1","",49,"granulocytes > = 1500 cells ul 1 . 5 x 10 9 l    ",1
"2","peripheral",9,"neutrophil count anc > = 1 000 ul        ",2
"3","IGNORE 3",0,"phagocyte count apc = neutrophils and monocytes > = 1000 mm 3     ",1
"4","IGNORE 4",0,"neutrophil count > = 750 mm 3          ",1
"5","IGNORE 5",0,"neutrophil count > = 1500 mcl           ",1
"6","IGNORE 6",0,"IGNORE 6",0
"7","IGNORE 7",0,"neutrophil count < 1 . 5 x 10 9 l       ",2
"8","IGNORE 8",0,"neutrophil count anc > = 750 ul         ",2
"9","IGNORE 9",0,"neutrophil count anc > = 1000 ul          ",4
"10","IGNORE 10",0,"neutrophil count anc > = 1 000 cells mm 3       ",2
"11","IGNORE 11",0,"neutrophil count > = 1 . 5 x 10 9 l      ",1
"12","IGNORE 12",0,"neutrophil count anc > = 1500 ul          ",3
"13","IGNORE 13",0,"neutrophil count anc > = 1 200 ul         ",2
"14","IGNORE 14",0,"neutrophil count anc > 1 000 mm 3         ",1
"15","IGNORE 15",0,"neutrophil count anc > = 1 . 5 x 10 9 l     ",6
"16","IGNORE 16",0,"neutrophil count > = 1500 ul           ",1
"17","IGNORE 17",0,"neutrophil count anc > = 1000 mm 3        ",4
"18","IGNORE 18",0,"neutrophil count anc > = 1000 ul unsupported         ",1
"19","IGNORE 19",0,"neutrophil count anc > = 1 . 0 x 10 9 l     ",1
"20","IGNORE 20",0,"neutrophil count anc > = 1 . 2 x 10 9 l     ",4
"21","IGNORE 21",0,"neutrophil count > = 1 x 10 9 l        ",1
"22","IGNORE 22",0,"neutrophil count anc > 750 ul           ",1
"23","IGNORE 23",0,"IGNORE 23",0
"24","IGNORE 24",0,"IGNORE 24",0
"25","IGNORE 25",0,"neutrophil count > = 1 200 mcl          ",2
"26","IGNORE 26",0,"neutrophil count > = 750 mm 3 within 90 days before enrollment     ",1
"27","IGNORE 27",0,"neutrophil count > = 1 000 mm 3         ",1
"28","IGNORE 28",0,"IGNORE 28",0
"29","IGNORE 29",0,"neutrophil count anc > = 1 000 mm 3        ",1
"30","IGNORE 30",0,"IGNORE 30",0
"31","IGNORE 31",0,"neutrophil count anc > = 750 mm 3        ",2
"32","IGNORE 32",0,"IGNORE 32",0
"33","IGNORE 33",0,"neutrophil count anc > = 1500 mm 3         ",3
"34","IGNORE 34",0,"neutrophil count > = 750 cells mcl 0 . 75 x 10 9 l   ",1
"35","IGNORE 35",0,"IGNORE 35",0
"36","IGNORE 36",0,"IGNORE 36",0
"37","IGNORE 37",0,"IGNORE 37",0
"38","IGNORE 38",0,"IGNORE 38",0
"39","IGNORE 39",0,"IGNORE 39",0
"40","IGNORE 40",0,"neutrophil count > = 1000 cells ul          ",2
"41","inclusion criteria for stratum c",1,"IGNORE 41",0
"42","IGNORE 42",0,"IGNORE 42",0
"43","total",1,"phagocyte count apc = neutrophils monocytes x white blood cells wbc is at least 1000 ul",1
"44","IGNORE 44",0,"IGNORE 44",0
"45","IGNORE 45",0,"neutrophil count > 1000 mcl            ",1
"46","IGNORE 46",0,"IGNORE 46",0
"47","IGNORE 47",0,"IGNORE 47",0
"48","IGNORE 48",0,"IGNORE 48",0
"49","IGNORE 49",0,"neutrophil count anc > = 1200 mm 3         ",1
"50","IGNORE 50",0,"IGNORE 50",0
"51","IGNORE 51",0,"neutrophil count > = 1 . 0 x 10 9 l      ",1
"52","IGNORE 52",0,"neutrophil count > = 1500 cells mm 3         ",1
"53","IGNORE 53",0,"IGNORE 53",0
"54","IGNORE 54",0,"IGNORE 54",0
"55","IGNORE 55",0,"IGNORE 55",0
"56","IGNORE 56",0,"IGNORE 56",0
"57","IGNORE 57",0,"IGNORE 57",0
"58","IGNORE 58",0,"IGNORE 58",0
"59","IGNORE 59",0,"IGNORE 59",0
"60","IGNORE 60",0,"IGNORE 60",0
