"","Blank 1","Frequency","Blank 2","Frequency"
"1","obtained within 30 days of registration aspartate aminotransferase ast",1,"alanine aminotransferase alt serum glutamate pyruvate transaminase sgpt < 3 x institutional upper limit of normal             ",1
"2","within 14 days prior to registration",1,"aspartate aminotransferase ast and serum glutamate pyruvate transaminase sgpt alanine aminotransferase alt = < 2 . 5 x iuln             ",1
"3","aspartate aminotransferase ast",4,"or alanine aminotransferase alt serum glutamate pyruvate transaminase sgpt = < 2 x iuln institutional upper limit of normal within 28 days prior to registration          ",1
"4","step i serum glutamate pyruvate transaminase sgpt alanine aminotransferase alt and",1,"aspartate aminotransferase ast < 2 . 5 times the upper limit of normal obtained within 28 days prior to randomization       ",1
"5","IGNORE 5",0,"alanine aminotransferase alt serum glutamate pyruvate transaminase sgpt = < 2 . 5 x institutional upper limit of normal for age within 14 days of registration and within 7 days of the start of treatment",1
"6","patients must have",1,"and serum glutamate pyruvate transaminase sgpt = < 2 . 5 x iuln within 7 days prior to registration                ",1
"7","alanine aminotransferase alt serum glutamate pyruvate transaminase sgpt and or aspartate aminotransferase ast",1,"within upper limits of institutional normal within 14 days prior to study entry            ",1
"8","",5,"or serum glutamate pyruvate transaminase sgpt within 30 days prior to registration it is highly recommended but not required that sgot or sgpt be = < 1 . 5 upper limit of normal     ",1
"9","IGNORE 9",0,"alanine aminotransferase alt serum glutamate pyruvate transaminase sgpt = < 2 . 5 x uln measured within 28 days prior to randomization             ",1
"10","IGNORE 10",0,"aspartate transaminase ast or serum glutamate pyruvate transaminase sgpt alanine transaminase alt < 2 . 5 x upper limit of normal uln for age              ",1
"11","IGNORE 11",0,"alanine aminotransferase alt serum glutamate pyruvate transaminase sgpt = < 2 . 5 x institutional upper limit of normal assessed within seven 7 days prior to the start of therapy     ",1
"12","participants not on the hodgkin lymphoma expansion cohort ast",1,"alt serum glutamate pyruvate transaminase sgpt = < 3 x uln within 2 weeks prior to enrollment            ",1
"13","IGNORE 13",0,"aspartate aminotransferase ast or serum glutamate pyruvate transaminase sgpt alanine aminotransferase alt = < 2 . 5 x iuln                   ",1
"14","IGNORE 14",0,"and serum glutamate pyruvate transaminase sgpt > = 2 . 5 times upper limit of normal uln                     ",1
"15","within 2 weeks prior to initiation of study treatment aspartate aminotransferase ast",1,"alanine aminotransferase alt serum glutamate pyruvate transaminase sgpt = < 2 . 5 x institutional upper limit of normal       ",1
"16","IGNORE 16",0,"aspartate aminotransferase ast or serum glutamate pyruvate transaminase sgpt alanine aminotransferase alt = < 2 . 5 x iuln obtained within 28 days prior to step 2 registration          ",1
