"","Blank 1","Frequency","Blank 2","Frequency"
"1","patients must have histologically confirmed relapsed or refractory mantle cell",1,"or low grade b cell non hodgkin lymphoma nhl patients with evidence of transformation to a high grade histology will not be eligible                        ",1
"2","patients must have histologically or cytologically confirmed primary central nervous system diffuse large b cell",1,"only patients with relapsed or refractory disease are eligible patients with pcnsl that is only extracranial will not be eligible                      ",1
"3","histologically or cytologically confirmed relapsed cluster of differentiation cd 19 non hodgkin",1,"nhl included in this category are follicular grade i ii iii marginal zone mantle cell gray zone primary mediastinal burkitt s diffuse large b cell small lymphocytic lymphoma                 ",1
"4","biopsy proven advanced stage follicular",1,"that have failed at least two lines of therapy multi agent chemotherapy but responds to salvage therapy i . e . chemosensitive disease timeline 8 months prior to enrollment                       ",1
"5","biopsy proven advanced stage mantle cell",1,"with proliferation related ki 67 antigen ki 67 > 10 in first complete remission timeline 8 months prior to enrollment                               ",1
"6","biopsy proven plasmablastic lymphomas or peripheral t cell",1,"with the exception of anaplastic lymphoma kinase positive alk type in first or second complete remission timeline 8 months prior to enrollment                           ",1
"7","patients must have biopsy proven de novo diffuse large b cell",1,"dlbcl patients with primary mediastinal lymphoma or testicular lymphoma are not eligible patients with prior or simultaneous diagnosis of indolent lymphoma are not eligible post transplant lymphoproliferative disorder with dlbcl morphology is ineligible             ",1
"8","patients with acute or",1,"forms must have received at least one cycle of combination chemotherapy with or without mogamulizumab or interferon with or without zidovudine and or arsenic individuals with chronic or smoldering acute t cell lymphoma atl are not required to have had prior treatment or could have received any number of previous courses of therapy",1
"9","patients must have been refractory or relapsed following front line therapy for adult t cell leukemia atl those with cutaneous t cell",1,"ctcl or peripheral t cell lymphoma ptcl who have cd30 disease must have progressed during or after treatment with brentuximab vedotin or are unable to receive treatment due to allergy or intolerance   ",1
"10","non hodgkin s lymphomas in the following categories mediastinal gray zone",1,"and primary mediastinal b cell lymphoma                                        ",1
"11","any stage for mediastinal gray zone",1,"mgzl and primary mediastinal b cell lymphoma pmbl                                           ",1
"12","excluded tumor types melanoma bone sarcomas soft tissue sarcomas including angiosarcoma primary cutaneous leiomyosarcoma dermatofibrosarcoma protuberans leukemias myeloid sarcoma leukemia cutis and chloroma hodgkin� s",1,"b cell lymphoma                             ",1
"13","absolute neutrophil count anc > 1000 unless impairment is due to",1,"or immune mediated mechanism caused by lymphoma                                       ",2
"14","patients must have follicular",1,"grade i ii or iiia confirmed at initial diagnosis and at relapse with identifiable fludeoxyglucose f 18 fdg avid disease on pet ct patients that have involvement with large cell lymphoma are not eligible                   ",1
"15","platelets > 100 000 unless impairment is due to",1,"IGNORE 15",0
