"","Blank 1","Frequency","Blank 2","Frequency","Blank 3","Frequency","Blank 4","Frequency"
"V1","participants of childbearing potential defined as",1,"sexually mature woman who 1 has not undergone a hysterectomy or bilateral oophorectomy or 2 has not been naturally postmenopausal for at least 24 consecutive months i",1,"has had menses at any time in the preceding 24 consecutive months must have a pregnancy test within 7 days prior to enrollment and agree to use an effective form of contraception e . g . barrier contraception highly effective hormonal contraception",1,"",4
"V2","not pregnant and not nursing females of childbearing potential must have negative urine or serum pregnancy test within 7 days of registration but before start of treatment",1,"female of childbearing potential is a sexually mature female who has not undergone a hysterectomy or bilateral oophorectomy or has not been naturally postmenopausal for at least 12 consecutive months i",1,"has had menses at any time in the preceding 12 consecutive months     ",3,"IGNORE 2",0
"V3","",1,"female",3,"childbearing potential fcbp is a sexually mature woman who 1 has not undergone a hysterectomy or bilateral oophorectomy or 2 has not been naturally postmenopausal for at least 24 consecutive months i",1,"has had menses at any time in the preceding 24 consecutive months                             ",1
"V4","not pregnant and not nursing for women of childbearing potential only",1,"negative pregnancy test done = < 7 days prior to registration is required a female of childbearing potential is a sexually mature female who has not undergone a hysterectomy or bilateral oophorectomy or has not been naturally postmenopausal for at least 12 consecutive months i",2,"IGNORE 4",0,"IGNORE 4",0
"V5","not pregnant and not nursing",2,"IGNORE 5",0,"childbearing potential is a sexually mature female who 1 has not undergone a hysterectomy or bilateral oophorectomy or 2 has not been naturally postmenopausal for at least 12 consecutive months i",2,"has had menses at any time in the preceding 12 consecutive months                         ",1
"V6","IGNORE 6",0,"IGNORE 6",0,"IGNORE 6",0,"has had menses at any time in the preceding 12 consecutive months for women of childbearing potential only a negative pregnancy test done = < 5 days prior to registration is required     ",1
"V7","for women of childbearing potential only",1,"IGNORE 7",0,"IGNORE 7",0,"IGNORE 7",0
