"","Blank 1","Frequency","Blank 2","Frequency"
"1","participants with evidence for",1,"cns lymphoma on neurological exam and or with radiographic evidence if radiographic studies are done of cns lymphoma inclusive of parenchymal vitreal or leptomeningeal involvement                           ",1
"2","known",2,"cns metastases or seizure disorder patients with known brain metastases that have been successfully treated and stable for > = 6 months without requirement for corticosteroids and without seizure activity will be eligible                      ",1
"3","adequate",1,"function defined as patients with a history of central nervous system cns disease must have no clinical or radiological evidence of cns disease at the time of study enrollment patients with seizure disorders may be enrolled if seizures are well controlled on anticonvulsants cns toxicity = < grade 2      ",1
"4","",4,"disease                                                       ",1
"5","IGNORE 5",0,"metastases                                                      ",1
"6","patients with",1,"cns disease are not eligible                                                 ",1
"7","patients with known active",1,"leukemia should be excluded from this clinical trial patient receiving intrathecal chemotherapy prophylaxis should not receive pomalidomide for > = 3 days after administration                            ",1
"8","patients with retinoblastoma protein rb1 positive recurrent progressive or refractory",1,"cns tumors                                            ",1
"9","histologically confirmed rb1 positive primary recurrent progressive or refractory",1,"tumors patients with low grade gliomas are excluded                                       ",1
"10","patients with suspected",1,"cns involvement should undergo lumbar puncture those with documented cns involvement will be excluded                                       ",1
"11","patients must not have known",1,"metastasis or a history of central nervous system cns metastases patients with leptomeningeal disease are not eligible                                  ",1
"12","patients with known",2,"cns metastases are not eligible note brain imaging is not an eligibility requirement                                        ",1
"13","IGNORE 13",0,"cns involvement may be excluded however if cns disease is cleared before the treatment with nivolumab patients could be allowed if no permanent cns damage                            ",1
"14","active",1,"cns leukemia                                                     ",1
"15","patients with untreated",1,"cns metastases patients with treated cns metastases who are off steroids are eligible                                        ",1
"16","IGNORE 16",0,"cns toxicity including peripheral neuropathy = < grade 2                                               ",1
"17","patients with known leptomeningeal or brain metastases should be excluded from this clinical trial imaging or spinal fluid analysis to exclude",1,"cns involvement is not required unless there is clinical suspicion by the treating investigator                     ",1
"18","presence of any active",1,"cns disease at the time of evaluation parenchymal or leptomeningeal                                          ",1
"19","patients must not have clinical evidence of",2,"cns involvement by lymphoma any laboratory or radiographic tests performed to assess cns involvement must be negative and must be performed within 42 days prior to registration                      ",1
"20","IGNORE 20",0,"cns toxicity = < grade 2                                                  ",1
"21","IGNORE 21",0,"function defined as patients with seizure disorder may be enrolled if on anticonvulsants and well controlled patients must not be in status epilepticus a coma or on assisted ventilation at the time of study enrollment                     ",1
"22","clinical evidence of parenchymal or meningeal",1,"cns involvement or metastasis in subjects suspected of having cns disease a magnetic resonance imaging mri scan of the brain and lumbar puncture should be done to confirm                      ",1
"23","patients with active",1,"leukemia are excluded from this clinical trial patients with a history of central nervous system cns leukemia but no active disease at the time of enrollment are eligible the absence of cns disease must be confirmed by flow cytometric and cytologic examination of the cerebrospinal fluid csf within 7 days of study enrollment",1
"24","participants with known",1,"cns involvement with leukemia or who are receiving intrathecal chemotherapy that is either prophylactic or therapeutic history of cns involvement that has been completely treated no longer receiving intrathecal chemotherapy will be allowed                    ",1
"25","patient does not have any documented history of",1,"cns involvement by mantle cell lymphoma this includes no evidence of parenchymal brain spinal cord or cerebrospinal fluid involvement radiculopathy symptoms from nerve root compression by lymphoma do not constitute cns involvement                ",1
"26","patients with isolated",1,"cns testicular or other extramedullary site of relapse                                             ",1
"27","untreated",1,"cns involvement                                                     ",1
"28","IGNORE 28",0,"involvement by lymphoma if performed any laboratory or radiographic tests performed to assess central nervous system cns involvement must be negative                            ",1
"29","patients with known primary",1,"cns malignancy or symptomatic cns metastases are excluded                                            ",1
