"","Blank 1","Frequency","Blank 2","Frequency"
"1","participants with known congestive heart failure chf if known patients with left",1,"ejection fraction lvef = < 40 are excluded                            ",1
"2","left",6,"ejection fraction lvef > = 55                                         ",1
"3","pediatric patients normal left",1,"function with ejection fraction > 55 or shortening fraction > = 27                                ",1
"4","IGNORE 4",0,"ejection fraction lvef > = institutional lower limit of normal                                     ",1
"5","significant",1,"arrhythmias > 20 premature ventricular contractions pvcs min due to gating difficulty atrial fibrillation with uncontrolled ventricular response                             ",1
"6","IGNORE 6",0,"ejection fraction > = 45                                          ",1
"7","systolic cardiac function will be assessed at screening if clinically indicated by history and physical only patients with left",1,"ejection fraction lvef > = 50 will be eligible for enrollment                  ",1
"8","IGNORE 8",0,"ejection fraction lvef > = 50 measured within 28 days of study entry                                  ",1
"9","radiographic evidence of hydrocephalus or other architectural distortion of the",2,"system including placement of external ventricular drain or ventriculoperitoneal shunt                            ",2
"10","patients must have left",1,"ejection fraction lvef > 45 or within institutional normal limits                                  ",1
"11","IGNORE 11",0,"IGNORE 11",0
"12","IGNORE 12",0,"ejection fraction lvef < 50 regardless of whether there are symptoms of heart failure                                 ",1
"13","recurrent progressive dipg stratum 1 cardiac function left",1,"ejection fraction > = 50 by gated radionuclide study or shortening fraction of > = 27 by echocardiogram patient has no ventricular arrhythmias except for benign premature ventricular contractions patient has a corrected qt qtc interval = < 450 ms",1
"14","non progressed dipg stratum 2 patient has no",1,"arrhythmias except for benign premature ventricular contractions                                 ",1
"15","IGNORE 15",0,"ejection fraction lvef > = 50                                         ",1
"16","if cardiac function assessment is clinically indicated or performed participants will be ineligible if left",1,"ejection fraction lvef is less than normal per institutional guidelines or < 55 if the threshold for normal is not otherwise specified by institutional guidelines        ",1
