"","Blank 1","Frequency","Blank 2","Frequency"
"1","participants who received greater than 10",1,"of corticosteroids in the preceding 30 days prior to enrollment physiologic dosing of steroid is 4 5 mg m 2 day prednisone 0 . 03 0 . 15 mg kg day dexamethasone or 0 . 5 0 . 75 mg kg day hydrocortisone contact the amc protocol team for physiologic dosing limits for other corticosteroids                          ",1
"2","at least 14",1,"after local palliative radiation therapy xrt small port at least 150 days must have elapsed if prior traumatic brain injury tbi craniospinal xrt or if > = 50 radiation of pelvis at least 42 days must have elapsed if other substantial bone marrow radiation including therapeutic doses of iobenguane mibg                                  ",1
"3","patients must be able to avoid direct contact with pregnant or nursing women infants and immunocompromised individuals during the",1,"of reolysin treatment and for two days after                                                            ",1
"4","maintenance should commence within 60",1,"of recovery of peripheral blood counts after consolidation cycle 2 patients must begin consolidation cycle 2 within 60 days of recovery to be eligible for further therapy                                                       ",1
"5","cohort 1 ph negative patients only patients must have achieved cr or cri within 2 cycles of induction re induction with blinatumomab note day 1 of post remission = day 43 of the preceding cycle 3",1,"                                                  ",1
"6","patients must be registered to step 2 within 28",1,"after count recovery note there is no maximum allotted time period for count recovery providing patient remains in cr or cri                                                         ",1
"7","ibrutinib must be discontinued 7",1,"before when possible until 7 days after major surgery and 3 days before when possible until 3 days after minor surgery thus patients to be enrolled on an ibrutinib trial must have completed major surgery > 7 days before initiating treatment and or must have completed minor surgery > 3 days before initiating treatment                            ",1
"8","patients should not require concurrent therapeutic doses of steroids > 20 mg of prednisone day or equivalent unless they need them for the indications steroids should be discontinued for 14",1,"before starting protocol treatment                                                     ",1
"9","patients receiving the initial course of chemotherapy including paclitaxel 135 mg m2 iv over 3 hours on day 1 and cisplatin 75 mg m2 ip on day 2 or paclitaxel 80 mg m2 iv",1,"1 8 and 15 and carboplatin auc 6 ip on day 1                                         ",1
"10","patients who have had chemotherapy or immunotherapy within 4 weeks 6 weeks for nitrosoureas or mitomycin c or radiotherapy within 2 weeks prior to cycle 1 day 1 patients who have had tyrosine kinase inhibitors such as braf or mek inhibitors within 15",1,"of cycle 1 day 1                                       ",1
"11","if pet negative based on the returned results from centralized review patients must be planning to begin further treatment within 35",1,"of the start of cycle 3 of r chop if pet positive based on the returned results from centralized review it is important for patients to start ifrt as soon as possible after the end of cycle 3 of r chop they should be planning to initiate ifrt followed by yttrium 90 ibritumomab tiuxetan within 35 days of the start of cycle 3 of r chop",1
"12","study entry psa should not be obtained during the following time frames 10 day period following prostate biopsy following initiation of hormonal therapy within 30",1,"after discontinuation of finasteride within 90 days after discontinuation of dutasteride                                                   ",1
"13","patients must be willing to use the optune device > = 18 hours day for at least 23",1,"in a 28 day cycle and keep head shaved throughout treatment                                                          ",1
"14","x ray xrt external beam irradiation including protons > = 14",1,"after local xrt > = 150 days after tbi craniospinal xrt or if radiation to > = 50 of the pelvis > = 42 days if other substantial bone marrow bm radiation                                            ",1
"15","step 1 registration must occur within 180",1,"of the initial surgery within this 180 day interval a second surgery is permitted in order to achieve gtr but even with a second surgery step 1 registration must occur within 180 days of the initial resection                                           ",1
