"","Blank 1","Frequency","Blank 2","Frequency","V1"
"1","",20,"ecog performance status of 0 3 within 7 days of enrollment                                                      ",1,"eastern cooperative oncology group (ecog) performance status of 0-3 within 7 days of enrollment "
"2","patients must have a performance status of 0 or 1",1,"ecog performance status ps scale                                                  ",1,"patients must have a performance status of 0 or 1 eastern cooperative oncology group (ecog) performance status (ps) scale "
"3","the patient must have an",2,"ecog performance status of 0 or 1                                                     ",2,"the patient must have an eastern cooperative oncology group (ecog) performance status of 0 or 1 "
"4","IGNORE 4",0,"ecog zubrod performance status 0 1                                                           ",1,"eastern cooperative oncology group (ecog) (zubrod) performance status 0-1 "
"5","IGNORE 5",0,"ecog performance status of 0 1 or a karnofsky performance status of > = 80                                                  ",1,"eastern cooperative oncology group (ecog) performance status of 0-1 or a karnofsky performance status of >= 80% "
"6","IGNORE 6",0,"ecog performance status of 0 1 or karnofsky > = 60                                                      ",1,"eastern cooperative oncology group (ecog) performance status of 0-1 or karnofsky>= 60% "
"7","IGNORE 7",0,"ecog 0 or 1                                                             ",1,"eastern cooperative oncology group (ecog) 0 or 1 "
"8","karnofsky performance status kps of > = 70 or",1,"ecog performance status = < 1                                                  ",1,"karnofsky performance status (kps) of >= 70% or eastern cooperative oncology group (ecog) performance status =< 1 "
"9","IGNORE 9",0,"ecog performance status = < 2 karnofsky > = 60 is required for eligibility those patients with lower performance status based solely on bone pain secondary to multiple myeloma are eligible                                  ",1,"eastern cooperative oncology group (ecog) performance status =< 2 (karnofsky >= 60%) is required for eligibility; those patients with lower performance status based solely on bone pain secondary to multiple myeloma are eligible "
"10","patients must have",4,"ecog performance status 0 1                                                         ",1,"patients must have eastern cooperative oncology group (ecog) performance status 0-1 "
"11","IGNORE 11",0,"ecog performance score of 0 to 2                                                          ",1,"eastern cooperative oncology group (ecog) performance score of 0 to 2 "
"12","IGNORE 12",0,"ecog performance status = < 2 karnofsky > = 60 unless due to neurologic deficits caused by cns lymphoma with the following exceptions patients with ecog performance status ps = 4 where neurologic deficits are unlikely to resolve with tumor resolution and may cause clinical management problems are excluded                ",1,"eastern cooperative oncology group (ecog) performance status =< 2 (karnofsky >= 60%) unless due to neurologic deficits caused by cns lymphoma with the following exceptions: patients with ecog performance status (ps) = 4 where neurologic deficits are unlikely to resolve with tumor resolution and may cause clinical management problems are excluded "
"13","IGNORE 13",0,"ecog performance status 0 or 1 within 2 weeks prior to screening                                                     ",1,"eastern cooperative oncology group (ecog) performance status 0 or 1 within 2 weeks prior to screening "
"14","participants must have",1,"ecog performance status 0 2 karnofsky performance status of 50 or greater                                                  ",1,"participants must have eastern cooperative oncology group (ecog) performance status 0-2 (karnofsky performance status of 50% or greater) "
"15","IGNORE 15",0,"ecog performance status = < 2 karnofsky > = 60 exception will be made for patients with ecog performance status = < 3 and karnofsky performance scale > = 50 who require the use of wheelchairs walkers or canes as well as assistance with daily routines secondary to disabilities caused by ecd cerebellar or brain disease that has been stable for > = 3 months",1,"eastern cooperative oncology group (ecog) performance status =< 2 (karnofsky >= 60%)* exception will be made for patients with ecog performance status =< 3 and karnofsky performance scale >= 50%, who require the use of wheelchairs, walkers or canes as well as assistance with daily routines secondary to disabilities caused by ecd cerebellar or brain disease that has been stable for >= 3 months "
"16","IGNORE 16",0,"ecog performance status 0 or 1                                                        ",1,"patients must have eastern cooperative oncology group (ecog) performance status 0 or 1 "
"17","must have",1,"ecog performance status of 0 2                                                         ",3,"must have eastern cooperative oncology group (ecog) performance status of 0-2 "
"18","IGNORE 18",0,"performance status 0 2                                                             ",1,"eastern cooperative oncology group performance status 0-2 "
"19","IGNORE 19",0,"ecog performance status = < 2 or karnofsky performance score kps > = 50                                                   ",1,"eastern cooperative oncology group (ecog) performance status =< 2 or karnofsky performance score (kps) >= 50% "
"20","IGNORE 20",0,"ecog performance status = < 1 and a life expectancy of at least 3 months                                               ",1,"patients must have eastern cooperative oncology group (ecog) performance status =< 1 and a life expectancy of at least 3 months "
"21","patients must have an",5,"ecog performance status of 0 3 restricted to ecog performance status ps 0 2 if age > 70 years                                          ",2,"patients must have an eastern cooperative oncology group (ecog) performance status of 0-3 (restricted to ecog performance status [ps] 0-2 if age > 70 years) "
"22","IGNORE 22",0,"IGNORE 22",0,"patients must have an eastern cooperative oncology group (ecog) performance status of 0-3 (restricted to ecog performance status [ps] 0-2 if age > 70 years) "
"23","IGNORE 23",0,"IGNORE 23",0,"patients must have an eastern cooperative oncology group (ecog) performance status of 0-2 "
"24","IGNORE 24",0,"ecog performance status of 0 1 or 2 karnofsky > = 60                                                 ",1,"patients must have an eastern cooperative oncology group (ecog) performance status of 0, 1 or 2 (karnofsky >= 60%) "
"25","IGNORE 25",0,"ecog performance status must be = < 2                                                         ",1,"eastern cooperative oncology group (ecog) performance status must be =< 2 "
"26","karnofsky performance status of 70 100",1,"ecog performance status = < 2                                                     ",1,"karnofsky performance status of 70-100%; eastern cooperative oncology group (ecog) performance status =< [2] "
"27","IGNORE 27",0,"ecog performance score of 0 to 1                                                          ",1,"eastern cooperative oncology group (ecog) performance score of 0 to 1 "
"28","IGNORE 28",0,"ecog performance status score of 0 1 or 2                                                        ",1,"eastern cooperative oncology group (ecog) performance status score of 0, 1, or 2 "
"29","patient has",1,"ecog performance status 0 1 within 2 weeks prior to randomization                                                    ",1,"patient has eastern cooperative oncology group (ecog) performance status 0-1 within 2 weeks prior to randomization "
"30","IGNORE 30",0,"ecog = < 1                                                             ",1,"eastern cooperative oncology group (ecog) =< 1 "
"31","IGNORE 31",0,"ecog / karnofsky performance status of 0 1 or 2 within 28 days prior to registration                                                 ",1,"eastern cooperative oncology group (ecog)/karnofsky performance status of 0, 1, or 2 within 28 days prior to registration "
"32","performance status",1,"ecog / karnofsky of 0 1 or 2 within 28 days prior to registration                                                 ",1,"performance status (eastern cooperative oncology group [ecog]/karnofsky) of 0, 1 or 2 within 28 days prior to registration "
"33","IGNORE 33",0,"ecog performance status of = < 1 within 90 days prior to step 1 registration                                                  ",1,"eastern cooperative oncology group (ecog) performance status of =< 1 within 90 days prior to step 1 registration "
"34","IGNORE 34",0,"ecog performance status = < 1 karnofsky > = 60 and life expectancy greater than 6 months furthermore enrollment of patients with greater than 10 measurable lesions is discouraged                                    ",1,"eastern cooperative oncology group (ecog) performance status =< 1 (karnofsky >= 60%) and life expectancy greater than 6 months; furthermore, enrollment of patients with greater than 10 measurable lesions is discouraged "
"35","IGNORE 35",0,"ecog performance status of 0 1                                                        ",1,"patients must have eastern cooperative oncology group (ecog) performance status of 0-1 "
"36","patients have an",1,"IGNORE 36",0,"patients have an eastern cooperative oncology group (ecog) performance status of 0-2 "
"37","patients must have a performance status corresponding to",1,"ecog scores of 0 1 or 2                                                  ",1,"patients must have a performance status corresponding to eastern cooperative oncology group (ecog) scores of 0, 1, or 2 "
"38","IGNORE 38",0,"IGNORE 38",0,"the patient must have an eastern cooperative oncology group (ecog) performance status of 0 or 1 "
"39","IGNORE 39",0,"ecog performance status of 0 1 2 or 3 within 28 days prior to registration                                              ",1,"patients must have an eastern cooperative oncology group (ecog) performance status of 0, 1, 2, or 3 within 28 days prior to registration "
"40","IGNORE 40",0,"ecog performance status for part i arm a b 0 1 karnofsky > 70 for part ii arm c 0 2 karnofsky > = 60                                        ",1,"eastern cooperative oncology group (ecog) performance status:* for part i (arm a, b): 0-1 (karnofsky > 70%)* for part ii (arm c): 0-2 (karnofsky >= 60%) "
