"","Blank 1","Frequency","Blank 2","Frequency"
"1","aspartate aminotransferase ast alanine aminotransferase alt",1,"2 . 5 times the institutional uln unless elevated secondary to lymphomatous involvement of the liver in which case the ast alt must be = < 5 times the institutional uln",1
"2","aspartate aminotransferase ast and alanine aminotransferase alt =",6,"3 . 0 times institutional upper limit of normal with or without liver metastasis within 21 days prior to study entry        ",1
"3","IGNORE 3",0,"2 . 5 x upper limit of normal uln if liver metastases are present = < 5 x uln          ",1
"4","alanine aminotransferase alt and aspartate aminotransferase ast =",3,"1 . 5 x institutional upper limit of normal iuln within 28 days prior to registration             ",1
"5","aspartate aminotransferase ast and alanine aminotransferase alt",1,"6 times upper limit of normal uln obtained within 14 days prior to study entry               ",1
"6","obtained =",2,"7 days prior to registration aspartate aminotransferase ast or alanine aminotransferase alt = < 3 x institutional uln                 ",1
"7","aspartate aminotransferase ast or alanine aminotransferase alt",1,"3 x institutional uln within 14 days prior to registration                    ",1
"8","aspartate aminotransferase ast alanine aminotransferase alt =",5,"2 . 5 x upper limit of normal uln within 14 days prior to registration               ",1
"9","IGNORE 9",0,"2 . 5 x upper limit of normal uln obtained within 2 weeks prior to registration              ",1
"10","alanine aminotransferase level alt =",1,"3 x the upper limit of normal uln within 30 days prior to enrollment                  ",1
"11","aspartate aminotransferase level ast =",1,"3 x uln within 30 days prior to enrollment                       ",1
"12","IGNORE 12",0,"48 hours prior to registration aspartate aminotransferase ast and alanine aminotransferase alt < 3 x upper limit of normal uln               ",1
"13","alanine aminotransferase alt =",1,"3 x uln within 14 days prior to study registration                       ",2
"14","aspartate aminotransferase ast =",1,"IGNORE 14",0
"15","aspartate aminotransferase ast or alanine aminotransferase alt =",1,"1 . 5 x institutional uln within 21 days prior to registration                 ",1
"16","if liver metastases present aspartate aminotransferase ast and alanine aminotransferase alt must be",1,"3 x upper limit of normal uln                 ",1
"17","patients must have aspartate aminotransferase ast and alanine aminotransferase alt =",1,"3 . 0 x institutional upper limit of normal iuln within 14 days prior to registration          ",1
"18","IGNORE 18",0,"2 . 5 upper limits of normal uln unless due to hepatic metastases in which case levels = < 5 x uln are allowed      ",1
"19","IGNORE 19",0,"3 x uln = < 5 x uln for patients with documented liver metastases               ",2
"20","IGNORE 20",0,"IGNORE 20",0
"21","IGNORE 21",0,"2 . 5 x institutional upper limit of normal iuln or = < 5 x iuln if liver metastases are present        ",1
"22","patients must have aspartate aminotransferase ast alanine aminotransferase alt =",1,"5 x iuln unless due to lymphoma within 42 days prior to registration              ",1
"23","IGNORE 23",0,"3 x upper limit of normal uln if liver metastases = < 5 x upper limit of normal uln           ",1
"24","within 14 days prior to registration aspartate aminotransferase ast and alanine aminotransferase alt =",1,"2 . 5 x iuln patients with liver metastases may have ast and alt of = < 5 . 0 x iuln ",1
"25","IGNORE 25",0,"3 x uln within 14 days prior to registration                    ",1
"26","aspartate transaminase ast and alanine transaminase alt =",1,"2 . 5 x upper limit of normal uln or = < 5 x uln with metastatic liver disease within 14 days prior to registration .   ",1
"27","within 28 days prior to registration aspartate aminotransferase ast and alanine aminotransferase alt both =",1,"3 x iuln                   ",1
"28","within 14 days prior to registration aspartate aminotransferase ast alanine aminotransferase alt =",1,"3 x uln ast and or alt = < 5 x uln for patients with liver involvement       ",1
"29","within less than or equal to 14 days prior to registration alanine aminotransferase alt and aspartate aminotransferase ast =",1,"2 . 5 x uln             ",1
"30","aspartate aminotransferase ast and alanine aminotransferase alt both",1,"2 . 5 x iuln within 28 days prior to registration                  ",1
"31","IGNORE 31",0,"3 x upper limit of normal uln unless suspected leukemic involvement of the liver                ",1
"32","IGNORE 32",0,"2 . 5 x iuln = < 5 x iuln secondary to lymphoma within 28 days prior to registration          ",1
"33","aspartate aminotransferase ast and alanine aminotransferase alt both =",1,"5 x iuln within 28 days prior to registration                   ",1
"34","IGNORE 34",0,"2 . 5 x institutional uln within 30 days of day 1 of study               ",1
