"","Blank 1","Frequency","Blank 2","Frequency","Blank 3","Frequency","Blank 4","Frequency","Blank 5","Frequency"
"V1","",7,"with human immunodeficiency virus hiv who are not receiving cytochrome p450 inhibitors and who have a minimum of 300 cd4 cells mm 3 an undetectable viral load and no",1,"",4,"immune deficiency",4,"indicator conditions                               ",2
"V2","step i human immunodeficiency virus hiv infection is not excluded known hiv positive",1,"must meet the following criteria cluster of differentiation cd 4 cell count > = 350 mm 3 no",1,"IGNORE 2",0,"IGNORE 2",0,"related illness not currently prescribed zidovudine or stavudine                       ",1
"V3","IGNORE 3",0,"known to be human immunodeficiency virus hiv positive with one or more of the following baseline cluster of differentiation cd 4 count of < 250 cells mm 3",1,"IGNORE 3",0,"IGNORE 3",0,"indicator conditions anti retroviral therapy with any potent cyp3a4 inhibitor                        ",1
"V4","IGNORE 4",0,"with known",2,"testing positive for human immunodeficiency virus hiv or known",5,"immunodeficiency",5,"might be enrolled if the viral load by pcr is undetectable with without active treatment and absolute lymphocyte count > = 350 ul                             ",1
"V5","in order for",1,"IGNORE 5",0,"IGNORE 5",0,"IGNORE 5",0,"to be eligible they must be on a stable highly active antiretroviral therapy haart regimen have cluster of differentiation cd 4 counts > 350 with no detectable viral load on quantitative polymerase chain reaction pcr              ",1
"V6","IGNORE 6",0,"known to be human immunodeficiency virus hiv positive with a baseline cluster of differentiation cd 4 count of < 250 cells mm 3 or have a",1,"IGNORE 6",0,"IGNORE 6",0,"IGNORE 6",0
"V7","IGNORE 7",0,"should be excluded if they have known",1,"IGNORE 7",0,"IGNORE 7",0,"                                              ",2
"V8","IGNORE 8",0,"must not have known",1,"IGNORE 8",0,"IGNORE 8",0,"IGNORE 8",0
"V9","IGNORE 9",0,"with a known",1,"IGNORE 9",0,"IGNORE 9",0,"will be eligible if they are generally healthy from an hiv perspective and on a stable anti retroviral regimen for > 6 months they have had no aids defining conditions in the past 12 months other than historically low cd4 cell counts they have an undetectable viral load on standard assays",1
