"","Blank 1","Frequency","Blank 2","Frequency"
"1","",8,"blood cells wbc > = 3 000 cells ul 3 . 0 x 10 9 l or           ",1
"2","any patient requiring chronic maintenance of",2,"blood cell counts or granulocyte counts through the use of growth factor support e . g . neulasta neupogen   ",2
"3","IGNORE 3",0,"blood cell count > = 4000 cells mm 3                   ",1
"4","IGNORE 4",0,"blood cell count wbc > = 4 000 ml                   ",1
"5","IGNORE 5",0,"blood cells wbc > = 3500 ul                     ",1
"6","IGNORE 6",0,"blood count > = 3 000 ul                     ",1
"7","b all patients must have an initial",1,"blood cell count < 50 000 ul              ",1
"8","IGNORE 8",0,"blood cell wbc > = 2000 ul                     ",1
"9","IGNORE 9",0,"IGNORE 9",0
"10","growth factors that support platelet or",3,"cell number or function must not have been administered within the past 7 days and are not permitted while on the study",1
"11","IGNORE 11",0,"cell number or function must not have been administered within the 7 days prior to enrollment      ",1
"12","IGNORE 12",0,"cell number or function must not have been administered within the 7 days prior to enrollment 14 days if pegfilgrastim  ",1
"13","IGNORE 13",0,"blood cell count wbc > = 3 x 10 9 l                 ",1
"14","IGNORE 14",0,"blood cell wbc > 3 . 0                     ",1
