"","Blank 1","Frequency","Blank 2","Frequency","Blank 3","Frequency"
"V1","obtained within 30 days of registration",1,"within",4,"institutional limits or creatinine clearance > = 60 ml min 1 . 73 m 2 for patients with creatinine levels above institutional normal             ",2
"V2","",19,"= < institutional upper limit of",5,"or creatinine clearance > = 60 ml min 1 . 73 m 2 for patients with creatinine levels above institutional normal                ",8
"V3","IGNORE 3",0,"< 1 . 5 x institutional upper limit of",3,"or creatinine clearance > = 60 ml min for patients with creatinine levels above 1 . 5 x institutional upper limit of normal           ",1
"V4","serum",2,"IGNORE 4",0,"institutional limits or creatinine clearance > = 60 ml min for patients with creatinine levels above institutional normal as determined by a measured 24 hour creatinine clearance              ",1
"V5","IGNORE 5",0,"= < 1 . 5 x institutional upper limit of",4,"IGNORE 5",0
"V6","tumor biopsy sequencing",1,"IGNORE 6",0,"or creatinine clearance > = 60 ml min for patients with creatinine levels > = 1 . 5 x institutional upper limit of normal       ",2
"V7","treatment",1,"IGNORE 7",0,"IGNORE 7",0
"V8","IGNORE 8",0,"= < 1 . 5 � institutional upper limit of",1,"or creatinine clearance > = 40 ml min 1 . 73 m 2 for patients with creatinine levels above 1 . 5 x institutional limit of normal      ",1
"V9","IGNORE 9",0,"IGNORE 9",0,"institutional limits or creatinine clearance > = 60ml min 1 . 73 m 2 for subject with creatinine levels above institutional normal                    ",1
"V10","IGNORE 10",0,"IGNORE 10",0,"or creatinine clearance > = 60 ml min for patients with creatinine levels above institutional normal                 ",1
"V11","IGNORE 11",0,"< 1 . 5 x",1,"institutional limits or creatinine clearance > = 50 ml min 1 . 73 m 2 for patients with creatinine level above institutional normal based either on cockroft gault estimate or based on urine collection 12 or 24 hour",1
"V12","IGNORE 12",0,"IGNORE 12",0,"IGNORE 12",0
"V13","IGNORE 13",0,"IGNORE 13",0,"institutional limit for the reference lab or creatinine clearance > = 60 ml min 1 . 73 m 2 as calculated by cockcroft gault formula for participants with creatinine levels above institutional normal         ",1
"V14","IGNORE 14",0,"= < 1 . 5 x upper",1,"institutional limits unl or creatinine clearance > = 40 ml min based either on cockcroft gault estimate or based on urine collection 12 or 24 hour          ",1
"V15","IGNORE 15",0,"IGNORE 15",0,"IGNORE 15",0
"V16","IGNORE 16",0,"IGNORE 16",0,"IGNORE 16",0
"V17","IGNORE 17",0,"= < upper limit of",1,"IGNORE 17",0
"V18","IGNORE 18",0,"= < the institutional upper limit of",2,"uln or creatinine clearance > = 60 ml min 1 . 73 m 2 for patients with creatinine levels above institutional normal              ",1
"V19","IGNORE 19",0,"IGNORE 19",0,"or creatinine clearance > = 60 ml min 1 . 73 m 2 for patients with creatinine levels above 1 . 5 x institutional normal        ",1
"V20","within 2 weeks prior to initiation of study treatment",1,"= < upper limit of institutional",1,"IGNORE 20",0
"V21","IGNORE 21",0,"levels = < upper limit of institutional",1,"or creatinine clearance > = 60 ml min 1 . 73 m 2 for participants with creatinine levels above institutional normal               ",1
"V22","IGNORE 22",0,"IGNORE 22",0,"IGNORE 22",0
"V23","IGNORE 23",0,"= < 1 . 5 x institutional uln or creatinine clearance > = 60 ml min 1 . 73 m 2 for patients with serum creatinine levels > 1 . 5 x higher than institutional",1,"      ",1
"V24","IGNORE 24",0,"IGNORE 24",0,"IGNORE 24",0
"V25","IGNORE 25",0,"IGNORE 25",0,"or creatinine clearance > = 60 ml min 1 . 73m 2 for patients with creatinine levels above institutional normal                 ",1
