"V1","V2","V3","V1"
"BLANK","ctcae","BLANK","all prior treatment-related toxicities must be common terminology criteria for adverse events (ctcae) version (v)4 grade =< 1 (except alopecia) at the time of randomization "
NA,NA,NA,"unresolved toxicity of national cancer institute common terminology criteria for adverse events, version 4.0 (nci ctcae v4.0) grade 2 or higher from previous anti-cancer therapy, except alopecia; in specific cases, will be allowed with permission from the principal investigator "
NA,NA,NA,"unresolved toxicity of national cancer institute common terminology criteria for adverse events, version 5.0 (nci ctcae v. 5.0) grade 2 or higher from previous anti-cancer therapy, except alopecia, at the time of randomization "
NA,NA,NA,"all prior treatment-related toxicities must be common terminology criteria for adverse events version 5.04 (ctcae v5.04) grade =< 1 (except alopecia) at the time of enrollment "
NA,NA,NA,"all prior treatment-related toxicities must be common terminology criteria for adverse events version 4 (ctcae v 4) grade =< 1 (except alopecia) at the time of enrollment; this requirement to return to =< grade 1 does not apply to immune checkpoint inhibitor related endocrinopathies (e.g. thyroiditis, hypophysitis, etc.) that necessitate hormone replacement therapy including, but not limited to levothyroxine, cortisol, and testosterone; ctcae v5.0 will be utilized beginning april 1, 2018 "
NA,NA,NA,"all prior anti-cancer treatment-related toxicities must be less than or equal to grade 1 according to the common terminology criteria for adverse events version 5 (ctcae version 5.0; national cancer institute [nci], 2017) at the time of enrollment; a notable exception are endocrinopathies caused by immune checkpoint inhibitors that are appropriately treated with medical management (e.g. hormone replacement therapy, anti-diabetic agents) "
NA,NA,NA,"patients should have resolution of any toxic effects of prior therapy (except alopecia) to national cancer institute (nci) common terminology criteria for adverse events (ctcae), version 5.0, grade 1 "
NA,NA,NA,"unresolved toxicity of national cancer institute common terminology criteria for adverse events, version 4.0 (nci ctcae v 4.0) grade 2 or higher from previous anti-cancer therapy, except alopecia "
NA,NA,NA,"all prior treatment-related toxicities must be common terminology criteria for adverse events version 4.0 (ctcae v 4.0) grade =< 1 (except alopecia); grade 2 prior treatment related toxicities may be allowed after discussion with the principal investigator "
NA,NA,NA,"unresolved toxicity of national cancer institute common terminology criteria for adverse events, version 4.0 (nci ctcae v4.0) grade 2 or higher from previous anti-cancer therapy, except alopecia, at the time of randomization "
NA,NA,NA,"all prior treatment-related toxicities must be common terminology criteria for adverse events (ctcae) version (v) 5 grade =< 1 (except alopecia); certain exceptions apply, such as immunotherapy-induced hypothyroidism or adrenal insufficiency or panhypopituitarism requiring stable doses of hormone replacement or rash from prior therapy "
NA,NA,NA,"patients should have resolution of any toxic effects of prior therapy (except alopecia) to nci ctcae, version 4.0, grade 1 or less "
NA,NA,NA,"patients should have resolution of any toxic effects of prior therapy (except fatigue and alopecia) to nci ctcae, version 4.0, grade 1 or less, including immune toxicity "
NA,NA,NA,"toxicities of prior therapy (excepting alopecia) should be resolved to less than or equal to grade 1 as per national cancer institute-common terminology criteria for adverse events (nci-ctcae); patients with long-standing stable grade 2 neuropathy may be considered after discussion with the overall principal investigator (pi), but may not receive carboplatin and paclitaxel as the reference regimen, if randomized to that arm "
NA,NA,NA,"toxicities of prior therapy (except alopecia) should be resolved to =< grade 1 as per national cancer institute (nci)-common terminology criteria for adverse events (ctcae) version (v)5.0; patients with long-standing stable grade 2 neuropathy may be considered after discussion with the study principal investigator (pi) "
NA,NA,NA,"patients should have resolution of any toxic effects of prior therapy (except alopecia) to national cancer institute (nci) common terminology criteria for adverse events (ctcae), version 4.0, grade 1 or less "
NA,NA,NA,"any unresolved toxicity national cancer institute (nci) common terminology criteria for adverse events (ctcae) grade >= 2 from previous anticancer therapy with the exception of alopecia, vitiligo, and the laboratory values defined in the inclusion criteria* patients with grade >= 2 neuropathy will be evaluated on a case-by-case basis after consultation with the study physician; patients with irreversible toxicity not reasonably expected to be exacerbated by treatment with durvalumab or tremelimumab may be included only after consultation with the study physician "
NA,NA,NA,"toxicities of prior therapy (except alopecia) should be resolved to =< grade 1 as per national cancer institute-common terminology criteria for adverse events (nci-ctcae) v5.0; patients with long-standing stable grade 2 neuropathy or others (e.g., adrenal insufficiency or hypothyroidism on stable doses of replacement therapy) may be allowed after discussion with the study principal investigator (pi) "
NA,NA,NA,"all prior treatment-related toxicities must be common terminology criteria for adverse events version 5.0 (ctcae v5) grade =< 1 (except alopecia) at the time of enrollment "
