"V1","V2","V3","V1"
"BLANK","performance","BLANK","patients with a gog performance status of 0, 1, or 2 "
NA,NA,NA,"patient must have gynecologic oncology group (gog) performance status of 0, 1, or 2 "
NA,NA,NA,"step i: eastern cooperative oncology group (ecog) performance status 0, 1, or 2 (performance status [ps] 3 allowed if secondary to pain) "
NA,NA,NA,"step ii: ecog performance status 0, 1, or 2 (ps 3 allowed if secondary to pain) "
NA,NA,NA,"ecog performance status of 2 or greater "
NA,NA,NA,"zubrod performance status 0-1 "
NA,NA,NA,"zubrod performance status 0-1 "
NA,NA,NA,"karnofsky performance status >= 60% "
NA,NA,NA,"eastern cooperative oncology group (ecog) performance status =< 2 (phase i), =< 1 (phase ii) "
NA,NA,NA,"karnofsky performance status >= 60% "
NA,NA,NA,"eastern cooperative oncology group (ecog)-american college of radiology imaging network (acrin) performance status between 0-2 "
NA,NA,NA,"randomized phase ii (arms k and l): ecog-acrin performance status between 0-2 "
NA,NA,NA,"zubrod performance status 0-1 "
NA,NA,NA,"treatment: karnofsky performance status >= 70% "
NA,NA,NA,"zubrod performance status =< 1 "
NA,NA,NA,"re-registration eligibility criteria (step 2): ecog performance status 0-2 "
NA,NA,NA,"ecog performance score 0-3 "
NA,NA,NA,"ecog performance status 0-2 "
NA,NA,NA,"patients must have an ecog performance status of 0-2 "
NA,NA,NA,"criteria for maintenance therapy-step 4: patients must have an ecog performance status of 0-3 "
NA,NA,NA,"patients must have a gynecologic oncology group (gog) performance status of 0, 1, or 2 "
NA,NA,NA,"zubrod performance status 0 or 1 "
NA,NA,NA,"patients must have a gog performance status of 0 or 1 "
NA,NA,NA,"ecog performance status (ps) 0-3 (restricted to ecog ps 0-2 if >= 70 years of age) "
NA,NA,NA,"patients must have an ecog performance status of 0-2 "
NA,NA,NA,"patients must have an ecog performance status of 0 -2 "
NA,NA,NA,"patients must have a gynecologic oncology group (gog) performance grade of 0, 1, or 2 "
NA,NA,NA,"patients must have a gynecologic oncology group (gog) performance grade of 0, 1, or 2 "
NA,NA,NA,"patients with gog performance grade of 3 or 4 "
NA,NA,NA,"gynecologic oncology group (gog) performance status 0, 1, 2 "
NA,NA,NA,"patients with gog performance status of 3 or 4 "
NA,NA,NA,"karnofsky performance status >= 70% "
NA,NA,NA,"ecog performance status =< 2 (karnofsky >= 60 %) "
NA,NA,NA,"ecog performance status 0 or 1 "
NA,NA,NA,"ecog performance status 0-2 "
NA,NA,NA,"patient must have a gynecologic oncology group (gog) performance status of 0, 1, or 2 or equivalent "
NA,NA,NA,"patients must have gynecologic oncology group (gog) performance status 0, 1, or 2 "
NA,NA,NA,"karnofsky performance status >= 60% "
NA,NA,NA,"patients with a gog performance status of 0, 1, or 2 "
NA,NA,NA,"zubrod performance status 0-2 "
NA,NA,NA,"zubrod performance status 0-1 (unless otherwise specified) "
NA,NA,NA,"performance status 0, 1 or 2 "
NA,NA,NA,"patients with gog performance grade of 3 or 4 "
NA,NA,NA,"karnofsky performance status >= 60 "
NA,NA,NA,"karnofsky performance score >= 70 "
NA,NA,NA,"karnofsky performance status >= 60 "
NA,NA,NA,"patients with ecog performance grade of 3 or 4 "
