"V1","V2","V3","V4","V5","V6","V7","V1"
"BLANK","eastern","cooperative","oncology","group","ecog","BLANK","eastern cooperative oncology group (ecog) performance status 0, 1, or 2 (karnofsky >= 60%) "
NA,NA,NA,NA,NA,NA,NA,"eastern cooperative oncology group (ecog) performance status =< 2 (karnofsky >= 60%) "
NA,NA,NA,NA,NA,NA,NA,"eastern cooperative oncology group (ecog) performance status =< 1 (karnofsky > 70%) "
NA,NA,NA,NA,NA,NA,NA,"eastern cooperative oncology group (ecog) performance status =< 2 (karnofsky >= 60%) "
NA,NA,NA,NA,NA,NA,NA,"eastern cooperative oncology group (ecog) performance status =< 2 (karnofsky >= 60%) "
NA,NA,NA,NA,NA,NA,NA,"eastern cooperative oncology group (ecog) performance status =< 2 (karnofsky >= 60%) "
NA,NA,NA,NA,NA,NA,NA,"eastern cooperative oncology group (ecog) performance status =< 1 (karnofsky >= 70%) "
NA,NA,NA,NA,NA,NA,NA,"eastern cooperative oncology group (ecog) performance status =< 2 (karnofsky >= 60%) "
NA,NA,NA,NA,NA,NA,NA,"karnofsky performance status >= 70% or eastern cooperative oncology group (ecog) =< 1 "
NA,NA,NA,NA,NA,NA,NA,"eastern cooperative oncology group (ecog) performance status =< 1 (karnofsky > 60%) "
NA,NA,NA,NA,NA,NA,NA,"eastern cooperative oncology group (ecog) performance status =< 2 (karnofsky >= 60%) "
NA,NA,NA,NA,NA,NA,NA,"eastern cooperative oncology group (ecog) performance status =< 1 (karnofsky >= 70%) "
NA,NA,NA,NA,NA,NA,NA,"eastern cooperative oncology group (ecog) performance status =< 1 (karnofsky >= 70%) "
NA,NA,NA,NA,NA,NA,NA,"have an eastern cooperative oncology group (ecog) performance status of 0 or 1 (karnofsky > 60%) "
NA,NA,NA,NA,NA,NA,NA,"eastern cooperative oncology group (ecog) performance status =< 2 (karnofsky >= 50%) "
NA,NA,NA,NA,NA,NA,NA,"eastern cooperative oncology group (ecog) performance status =< 2 (karnofsky >= 60%) "
NA,NA,NA,NA,NA,NA,NA,"eastern cooperative oncology group (ecog) performance status =< 1 (karnofsky >= 70%) "
NA,NA,NA,NA,NA,NA,NA,"eastern cooperative oncology group (ecog) performance status =< 2 (karnofsky >= 60%) "
NA,NA,NA,NA,NA,NA,NA,"eastern cooperative oncology group (ecog) performance status =< 1 (karnofsky >= 70%) "
NA,NA,NA,NA,NA,NA,NA,"eastern cooperative oncology group (ecog) performance status =< 2 (karnofsky >= 60%) "
NA,NA,NA,NA,NA,NA,NA,"eastern cooperative oncology group (ecog) performance status =< 2 (karnofsky >= 60%) "
NA,NA,NA,NA,NA,NA,NA,"eastern cooperative oncology group (ecog) performance status =< 1 (karnofsky >= 70%) "
NA,NA,NA,NA,NA,NA,NA,"eastern cooperative oncology group (ecog)/karnofsky performance status of 0 or 1 (karnofsky >= 70%) "
NA,NA,NA,NA,NA,NA,NA,"eastern cooperative oncology group (ecog) performance status =< 2 (karnofsky >= 60%) "
NA,NA,NA,NA,NA,NA,NA,"eastern cooperative oncology group (ecog) performance status =< 2 (karnofsky >= 60%) "
NA,NA,NA,NA,NA,NA,NA,"eastern cooperative oncology group (ecog) performance status =< 2 (karnofsky >= 60%) "
NA,NA,NA,NA,NA,NA,NA,"the eastern cooperative oncology group (ecog) performance status =< 2 (karnofsky >= 60 %) "
NA,NA,NA,NA,NA,NA,NA,"eastern cooperative oncology group (ecog) performance status 0 -1 (karnofsky >= 70%) "
NA,NA,NA,NA,NA,NA,NA,"eastern cooperative oncology group (ecog) performance status =< 2 (karnofsky >= 50%) "
NA,NA,NA,NA,NA,NA,NA,"eastern cooperative oncology group (ecog) performance status =< 2 (karnofsky >= 60%) "
NA,NA,NA,NA,NA,NA,NA,"eastern cooperative oncology group (ecog) performance status =< 1 (karnofsky >= 70%) "
NA,NA,NA,NA,NA,NA,NA,"eastern cooperative oncology group (ecog) performance status =< 2 (karnofsky >= 60%) "
NA,NA,NA,NA,NA,NA,NA,"eastern cooperative oncology group (ecog) performance status of 0 or 1 (karnofsky >= 70%) "
NA,NA,NA,NA,NA,NA,NA,"eastern cooperative oncology group (ecog) performance status =< 2 (karnofsky >= 60%) "
NA,NA,NA,NA,NA,NA,NA,"eastern cooperative oncology group (ecog) performance status 0, 1 or 2 (karnofsky >= 50%) "
NA,NA,NA,NA,NA,NA,NA,"eastern cooperative oncology group (ecog) performance status =< 1 (karnofsky >= 70%) "
NA,NA,NA,NA,NA,NA,NA,"eastern cooperative oncology group (ecog) performance status =< 1 (karnofsky >= 70%) "
NA,NA,NA,NA,NA,NA,NA,"eastern cooperative oncology group (ecog) performance status =< 2 (karnofsky >= 60%) "
NA,NA,NA,NA,NA,NA,NA,"eastern cooperative oncology group (ecog) performance status =< 2 (karnofsky >= 60%) "
NA,NA,NA,NA,NA,NA,NA,"eastern cooperative oncology group (ecog) performance status =< 2 (karnofsky >= 60%) "
NA,NA,NA,NA,NA,NA,NA,"karnofsky >= 70% (eastern cooperative oncology group [ecog] performance status 0-1) "
NA,NA,NA,NA,NA,NA,NA,"eastern cooperative oncology group (ecog) performance status =< 2 (karnofsky >= 60%) "
NA,NA,NA,NA,NA,NA,NA,"eastern cooperative oncology group (ecog) performance status =< 2 (karnofsky >= 60%) "
NA,NA,NA,NA,NA,NA,NA,"eastern cooperative oncology group (ecog) performance status =< 2 (karnofsky >= 60%) "
NA,NA,NA,NA,NA,NA,NA,"eastern cooperative oncology group (ecog) performance status =< 2 (karnofsky >= 60%) "
NA,NA,NA,NA,NA,NA,NA,"eastern cooperative oncology group (ecog) performance status 0 or 1 (karnofsky >= 70%) "
NA,NA,NA,NA,NA,NA,NA,"eastern cooperative oncology group (ecog) performance status of 0 or 1 (karnofsky >= 80%) "
NA,NA,NA,NA,NA,NA,NA,"eastern cooperative oncology group (ecog) performance status 0 or 1 (karnofsky >= 70%) "
NA,NA,NA,NA,NA,NA,NA,"eastern cooperative oncology group (ecog) performance status =< 2 (karnofsky >= 60%) "
NA,NA,NA,NA,NA,NA,NA,"eastern cooperative oncology group (ecog) performance status =< 2 (karnofsky >= 60%) "
NA,NA,NA,NA,NA,NA,NA,"eastern cooperative oncology group (ecog) performance status 0-2 (karnofsky >= 60%) "
NA,NA,NA,NA,NA,NA,NA,"eastern cooperative oncology group (ecog) performance status =< 2 (karnofsky >= 50%) "
NA,NA,NA,NA,NA,NA,NA,"eastern cooperative oncology group (ecog) performance status =< 2 (karnofsky or lansky >= 70%) "
NA,NA,NA,NA,NA,NA,NA,"eastern cooperative oncology group (ecog) performance status =< 2 (karnofsky >= 60%) "
NA,NA,NA,NA,NA,NA,NA,"eastern cooperative oncology group (ecog)/karnofsky performance status of 0-2 (karnofsky >= 60%) "
NA,NA,NA,NA,NA,NA,NA,"eastern cooperative oncology group (ecog) performance status =< 2 (karnofsky >= 60%) "
NA,NA,NA,NA,NA,NA,NA,"eastern cooperative oncology group (ecog) performance status 0 or 1 (karnofsky >= 70%) "
NA,NA,NA,NA,NA,NA,NA,"eastern cooperative oncology group (ecog) performance status =< 2 (karnofsky >= 60%) "
NA,NA,NA,NA,NA,NA,NA,"eastern cooperative oncology group (ecog) performance status 0 or 1 (karnofsky > 60%) "
NA,NA,NA,NA,NA,NA,NA,"eastern cooperative oncology group (ecog) performance status =< 2 (karnofsky >= 60%) "
NA,NA,NA,NA,NA,NA,NA,"eastern cooperative oncology group (ecog) performance status =< 2 (karnofsky >= 60%) "
NA,NA,NA,NA,NA,NA,NA,"eastern cooperative oncology group (ecog) performance status =< 2 (karnofsky >= 60%) "
NA,NA,NA,NA,NA,NA,NA,"eastern cooperative oncology group (ecog) performance status =< 2 (karnofsky >= 60%) "
NA,NA,NA,NA,NA,NA,NA,"eastern cooperative oncology group (ecog) performance status =< 2 (karnofsky >= 60%) "
NA,NA,NA,NA,NA,NA,NA,"eastern cooperative oncology group (ecog) performance status =< 2 (karnofsky >= 60%) "
NA,NA,NA,NA,NA,NA,NA,"eastern cooperative oncology group (ecog) performance status =< 2 (karnofsky >= 60%) "
