"V1","V2","V3","V4","V5","V6","V1"
"BLANK","eastern","cooperative","oncology","group","BLANK","eastern cooperative oncology group (ecog) performance status of 0-3 within 7 days of enrollment "
NA,NA,NA,NA,NA,NA,"patients must have a performance status of 0 or 1 eastern cooperative oncology group (ecog) performance status (ps) scale "
NA,NA,NA,NA,NA,NA,"the patient must have an eastern cooperative oncology group (ecog) performance status of 0 or 1 "
NA,NA,NA,NA,NA,NA,"eastern cooperative oncology group (ecog) (zubrod) performance status 0-1 "
NA,NA,NA,NA,NA,NA,"eastern cooperative oncology group (ecog) performance status of 0-1 or a karnofsky performance status of >= 80% "
NA,NA,NA,NA,NA,NA,"eastern cooperative oncology group (ecog) performance status of 0-1 or karnofsky>= 60% "
NA,NA,NA,NA,NA,NA,"eastern cooperative oncology group (ecog) 0 or 1 "
NA,NA,NA,NA,NA,NA,"karnofsky performance status (kps) of >= 70% or eastern cooperative oncology group (ecog) performance status =< 1 "
NA,NA,NA,NA,NA,NA,"eastern cooperative oncology group (ecog) performance status =< 2 (karnofsky >= 60%) is required for eligibility; those patients with lower performance status based solely on bone pain secondary to multiple myeloma are eligible "
NA,NA,NA,NA,NA,NA,"patients must have eastern cooperative oncology group (ecog) performance status 0-1 "
NA,NA,NA,NA,NA,NA,"eastern cooperative oncology group (ecog) performance score of 0 to 2 "
NA,NA,NA,NA,NA,NA,"eastern cooperative oncology group (ecog) performance status =< 2 (karnofsky >= 60%) unless due to neurologic deficits caused by cns lymphoma with the following exceptions: patients with ecog performance status (ps) = 4 where neurologic deficits are unlikely to resolve with tumor resolution and may cause clinical management problems are excluded "
NA,NA,NA,NA,NA,NA,"eastern cooperative oncology group (ecog) performance status 0 or 1 within 2 weeks prior to screening "
NA,NA,NA,NA,NA,NA,"participants must have eastern cooperative oncology group (ecog) performance status 0-2 (karnofsky performance status of 50% or greater) "
NA,NA,NA,NA,NA,NA,"eastern cooperative oncology group (ecog) performance status =< 2 (karnofsky >= 60%)* exception will be made for patients with ecog performance status =< 3 and karnofsky performance scale >= 50%, who require the use of wheelchairs, walkers or canes as well as assistance with daily routines secondary to disabilities caused by ecd cerebellar or brain disease that has been stable for >= 3 months "
NA,NA,NA,NA,NA,NA,"patients must have eastern cooperative oncology group (ecog) performance status 0 or 1 "
NA,NA,NA,NA,NA,NA,"must have eastern cooperative oncology group (ecog) performance status of 0-2 "
NA,NA,NA,NA,NA,NA,"eastern cooperative oncology group performance status 0-2 "
NA,NA,NA,NA,NA,NA,"eastern cooperative oncology group (ecog) performance status =< 2 or karnofsky performance score (kps) >= 50% "
NA,NA,NA,NA,NA,NA,"patients must have eastern cooperative oncology group (ecog) performance status =< 1 and a life expectancy of at least 3 months "
NA,NA,NA,NA,NA,NA,"patients must have an eastern cooperative oncology group (ecog) performance status of 0-3 (restricted to ecog performance status [ps] 0-2 if age > 70 years) "
NA,NA,NA,NA,NA,NA,"patients must have an eastern cooperative oncology group (ecog) performance status of 0-3 (restricted to ecog performance status [ps] 0-2 if age > 70 years) "
NA,NA,NA,NA,NA,NA,"patients must have an eastern cooperative oncology group (ecog) performance status of 0-2 "
NA,NA,NA,NA,NA,NA,"patients must have an eastern cooperative oncology group (ecog) performance status of 0, 1 or 2 (karnofsky >= 60%) "
NA,NA,NA,NA,NA,NA,"eastern cooperative oncology group (ecog) performance status must be =< 2 "
NA,NA,NA,NA,NA,NA,"karnofsky performance status of 70-100%; eastern cooperative oncology group (ecog) performance status =< [2] "
NA,NA,NA,NA,NA,NA,"eastern cooperative oncology group (ecog) performance score of 0 to 1 "
NA,NA,NA,NA,NA,NA,"eastern cooperative oncology group (ecog) performance status score of 0, 1, or 2 "
NA,NA,NA,NA,NA,NA,"patient has eastern cooperative oncology group (ecog) performance status 0-1 within 2 weeks prior to randomization "
NA,NA,NA,NA,NA,NA,"eastern cooperative oncology group (ecog) =< 1 "
NA,NA,NA,NA,NA,NA,"eastern cooperative oncology group (ecog)/karnofsky performance status of 0, 1, or 2 within 28 days prior to registration "
NA,NA,NA,NA,NA,NA,"performance status (eastern cooperative oncology group [ecog]/karnofsky) of 0, 1 or 2 within 28 days prior to registration "
NA,NA,NA,NA,NA,NA,"eastern cooperative oncology group (ecog) performance status of =< 1 within 90 days prior to step 1 registration "
NA,NA,NA,NA,NA,NA,"eastern cooperative oncology group (ecog) performance status =< 1 (karnofsky >= 60%) and life expectancy greater than 6 months; furthermore, enrollment of patients with greater than 10 measurable lesions is discouraged "
NA,NA,NA,NA,NA,NA,"patients must have eastern cooperative oncology group (ecog) performance status of 0-1 "
NA,NA,NA,NA,NA,NA,"patients have an eastern cooperative oncology group (ecog) performance status of 0-2 "
NA,NA,NA,NA,NA,NA,"patients must have a performance status corresponding to eastern cooperative oncology group (ecog) scores of 0, 1, or 2 "
NA,NA,NA,NA,NA,NA,"the patient must have an eastern cooperative oncology group (ecog) performance status of 0 or 1 "
NA,NA,NA,NA,NA,NA,"patients must have an eastern cooperative oncology group (ecog) performance status of 0, 1, 2, or 3 within 28 days prior to registration "
NA,NA,NA,NA,NA,NA,"eastern cooperative oncology group (ecog) performance status:* for part i (arm a, b): 0-1 (karnofsky > 70%)* for part ii (arm c): 0-2 (karnofsky >= 60%) "
